MDQ6VXNlcjEwMjQwMjU=,MDEwOlJlcG9zaXRvcnkyMzI1Mjk4
MDQ6VXNlcjEwMjQwMjU=,MDEwOlJlcG9zaXRvcnkyMzE5NDk4
MDQ6VXNlcjEwMjQwMjU=,MDEwOlJlcG9zaXRvcnkxMTc5MDA4MDU=
MDQ6VXNlcjEwMjQwMjU=,MDEwOlJlcG9zaXRvcnk0MjQxODc0NA==
MDQ6VXNlcjEwMjQwMjU=,MDEwOlJlcG9zaXRvcnk3ODM3NzcyNA==
MDQ6VXNlcjY2NTc3,MDEwOlJlcG9zaXRvcnk3NTA4NDEx
MDQ6VXNlcjY2NTc3,MDEwOlJlcG9zaXRvcnk4OTIyNzU=
MDQ6VXNlcjY2NTc3,MDEwOlJlcG9zaXRvcnk1MTUyMjg1
MDQ6VXNlcjY2NTc3,MDEwOlJlcG9zaXRvcnkyMDMwMDE3Nw==
MDQ6VXNlcjY2NTc3,MDEwOlJlcG9zaXRvcnkzNDMyMjY2
MDQ6VXNlcjY2NTc3,MDEwOlJlcG9zaXRvcnk4NTc1MTM3
MDQ6VXNlcjY2NTc3,MDEwOlJlcG9zaXRvcnkzNDgyNDQ5OQ==
MDQ6VXNlcjY2NTc3,MDEwOlJlcG9zaXRvcnkyMzA5NTk1NA==
MDQ6VXNlcjY2NTc3,MDEwOlJlcG9zaXRvcnkxMDA1NzkzNg==
MDQ6VXNlcjY2NTc3,MDEwOlJlcG9zaXRvcnkzMjUzODg3MQ==
MDQ6VXNlcjY2NTc3,MDEwOlJlcG9zaXRvcnk3OTY4NDE3
MDQ6VXNlcjY2NTc3,MDEwOlJlcG9zaXRvcnkzMjc3NTczOQ==
MDQ6VXNlcjY2NTc3,MDEwOlJlcG9zaXRvcnk2NTg4NQ==
MDQ6VXNlcjY2NTc3,MDEwOlJlcG9zaXRvcnkzMDIzMjI=
MDQ6VXNlcjY2NTc3,MDEwOlJlcG9zaXRvcnkxMTIzODAzNTg=
MDQ6VXNlcjY2NTc3,MDEwOlJlcG9zaXRvcnkxMDIzMDM2OQ==
MDQ6VXNlcjY2NTc3,MDEwOlJlcG9zaXRvcnkxMTQ5NTc4Nw==
MDQ6VXNlcjY2NTc3,MDEwOlJlcG9zaXRvcnk3OTYxOTkx
MDQ6VXNlcjY2NTc3,MDEwOlJlcG9zaXRvcnkxNzgxMjUwMg==
MDQ6VXNlcjY2NTc3,MDEwOlJlcG9zaXRvcnk3NTY0MzA5Ng==
MDQ6VXNlcjkwNTQzNA==,MDEwOlJlcG9zaXRvcnk3MjEwMzg5MQ==
MDQ6VXNlcjkwNTQzNA==,MDEwOlJlcG9zaXRvcnkxODk2NDQ4Nw==
MDQ6VXNlcjkwNTQzNA==,MDEwOlJlcG9zaXRvcnkzMjcyNjM3Nw==
MDQ6VXNlcjkwNTQzNA==,MDEwOlJlcG9zaXRvcnk0MDY5MzUwMQ==
MDQ6VXNlcjkwNTQzNA==,MDEwOlJlcG9zaXRvcnk2ODAwMjE3
MDQ6VXNlcjkwNTQzNA==,MDEwOlJlcG9zaXRvcnk3MDY5NDgzMA==
MDQ6VXNlcjkwNTQzNA==,MDEwOlJlcG9zaXRvcnkxNTI4NzAzNzI=
MDQ6VXNlcjkwNTQzNA==,MDEwOlJlcG9zaXRvcnkxMTUxODM4NjU=
MDQ6VXNlcjkwNTQzNA==,MDEwOlJlcG9zaXRvcnk1MTM2MzcxNg==
MDQ6VXNlcjkwNTQzNA==,MDEwOlJlcG9zaXRvcnkxNDYwNTc4ODU=
MDQ6VXNlcjkwNTQzNA==,MDEwOlJlcG9zaXRvcnk3NjQyNTc3Mw==
MDQ6VXNlcjkwNTQzNA==,MDEwOlJlcG9zaXRvcnk0NDk1NzU3OA==
MDQ6VXNlcjkwNTQzNA==,MDEwOlJlcG9zaXRvcnk5OTI5OTk4Mw==
MDQ6VXNlcjkwNTQzNA==,MDEwOlJlcG9zaXRvcnk3NjgyNzk5Ng==
MDQ6VXNlcjkwNTQzNA==,MDEwOlJlcG9zaXRvcnkxNTA3MTczNDI=
MDQ6VXNlcjkwNTQzNA==,MDEwOlJlcG9zaXRvcnk1Mzc3OTc3Nw==
MDQ6VXNlcjkwNTQzNA==,MDEwOlJlcG9zaXRvcnk4NzIwNzAxNg==
MDQ6VXNlcjkwNTQzNA==,MDEwOlJlcG9zaXRvcnk1MTEzMTE3MA==
MDQ6VXNlcjkwNTQzNA==,MDEwOlJlcG9zaXRvcnkzMzgwMjk3OA==
MDQ6VXNlcjkwNTQzNA==,MDEwOlJlcG9zaXRvcnk4MjE1OTE3Nw==
MDQ6VXNlcjQ5OTU1MA==,MDEwOlJlcG9zaXRvcnkxMTczMDM0Mg==
MDQ6VXNlcjQ5OTU1MA==,MDEwOlJlcG9zaXRvcnk2MzUzNzI0OQ==
MDQ6VXNlcjQ5OTU1MA==,MDEwOlJlcG9zaXRvcnkzNjc4NzMx
MDQ6VXNlcjQ5OTU1MA==,MDEwOlJlcG9zaXRvcnk0OTk3MDY0Mg==
MDQ6VXNlcjQ5OTU1MA==,MDEwOlJlcG9zaXRvcnkyNDU2MDMwNw==
MDQ6VXNlcjQ5OTU1MA==,MDEwOlJlcG9zaXRvcnkzOTE3NjI2OQ==
MDQ6VXNlcjQ5OTU1MA==,MDEwOlJlcG9zaXRvcnk0ODYyNjMzNQ==
MDQ6VXNlcjQ5OTU1MA==,MDEwOlJlcG9zaXRvcnkxNTExNjk0Ng==
MDQ6VXNlcjQ5OTU1MA==,MDEwOlJlcG9zaXRvcnkyNDU3OTIzOA==
MDQ6VXNlcjQ5OTU1MA==,MDEwOlJlcG9zaXRvcnkxMjgyMzcxNDY=
MDQ6VXNlcjQ5OTU1MA==,MDEwOlJlcG9zaXRvcnk2NTA1Mjk4MA==
MDQ6VXNlcjQ5OTU1MA==,MDEwOlJlcG9zaXRvcnk0ODYwMDQxMg==
MDQ6VXNlcjQ5OTU1MA==,MDEwOlJlcG9zaXRvcnkyMjc0NDU5NQ==
MDQ6VXNlcjQ5OTU1MA==,MDEwOlJlcG9zaXRvcnkxNzI1MTk5
MDQ6VXNlcjQ5OTU1MA==,MDEwOlJlcG9zaXRvcnk1ODM5Njky
MDQ6VXNlcjQ5OTU1MA==,MDEwOlJlcG9zaXRvcnkyNDcwMDE3MQ==
MDQ6VXNlcjQ5OTU1MA==,MDEwOlJlcG9zaXRvcnkxNTY0NDU5NA==
MDQ6VXNlcjQ5OTU1MA==,MDEwOlJlcG9zaXRvcnkzODA3MTUzNA==
MDQ6VXNlcjQ5OTU1MA==,MDEwOlJlcG9zaXRvcnkyNDc2MzU3NA==
MDQ6VXNlcjQ5OTU1MA==,MDEwOlJlcG9zaXRvcnk0NTQwOTcxNg==
MDQ6VXNlcjI1MjU0,MDEwOlJlcG9zaXRvcnk5OTU5ODU5NQ==
MDQ6VXNlcjI1MjU0,MDEwOlJlcG9zaXRvcnk0ODMwMTI4Mg==
MDQ6VXNlcjI1MjU0,MDEwOlJlcG9zaXRvcnk0MDEwNDc4
MDQ6VXNlcjI1MjU0,MDEwOlJlcG9zaXRvcnkxMDI5ODc5MDc=
MDQ6VXNlcjI1MjU0,MDEwOlJlcG9zaXRvcnk5NDk0OTUwNA==
MDQ6VXNlcjI1MjU0,MDEwOlJlcG9zaXRvcnk1NjM2MzU2Mw==
MDQ6VXNlcjI1MjU0,MDEwOlJlcG9zaXRvcnkxMTEyNTM2Mzk=
MDQ6VXNlcjI1MjU0,MDEwOlJlcG9zaXRvcnk0ODc1OTkxNQ==
MDQ6VXNlcjI1MjU0,MDEwOlJlcG9zaXRvcnkxMTQzNzkxNjM=
MDQ6VXNlcjI1MjU0,MDEwOlJlcG9zaXRvcnkxMDc2MDA4MzA=
MDQ6VXNlcjI1MjU0,MDEwOlJlcG9zaXRvcnk4NTEyNjg5Ng==
MDQ6VXNlcjI1MjU0,MDEwOlJlcG9zaXRvcnk4MjExMTI2MA==
MDQ6VXNlcjI1MjU0,MDEwOlJlcG9zaXRvcnk5NjA1NTQ4Ng==
MDQ6VXNlcjI1MjU0,MDEwOlJlcG9zaXRvcnk0OTk5ODc2
MDQ6VXNlcjI1MjU0,MDEwOlJlcG9zaXRvcnk2MTIxMjI0Mg==
MDQ6VXNlcjI1MjU0,MDEwOlJlcG9zaXRvcnkyNTcxOTE0Nw==
MDQ6VXNlcjI1MjU0,MDEwOlJlcG9zaXRvcnkyMDU0NTI3OQ==
MDQ6VXNlcjI1MjU0,MDEwOlJlcG9zaXRvcnkxMzU3MDgwOA==
MDQ6VXNlcjI1MjU0,MDEwOlJlcG9zaXRvcnk1MjQ2NDk1Mg==
MDQ6VXNlcjI1MjU0,MDEwOlJlcG9zaXRvcnk0ODM5MjQ3OA==
MDQ6VXNlcjgxMDQzOA==,MDEwOlJlcG9zaXRvcnkxMDI3MDI1MA==
MDQ6VXNlcjgxMDQzOA==,MDEwOlJlcG9zaXRvcnk0MTg4MTkwMA==
MDQ6VXNlcjgxMDQzOA==,MDEwOlJlcG9zaXRvcnk2MzUzNzI0OQ==
MDQ6VXNlcjgxMDQzOA==,MDEwOlJlcG9zaXRvcnkzNjc4NzMx
MDQ6VXNlcjgxMDQzOA==,MDEwOlJlcG9zaXRvcnkzNjUzNTE1Ng==
MDQ6VXNlcjgxMDQzOA==,MDEwOlJlcG9zaXRvcnk0OTk3MDY0Mg==
MDQ6VXNlcjgxMDQzOA==,MDEwOlJlcG9zaXRvcnkyNDU2MDMwNw==
MDQ6VXNlcjgxMDQzOA==,MDEwOlJlcG9zaXRvcnk5OTU5ODU5NQ==
MDQ6VXNlcjgxMDQzOA==,MDEwOlJlcG9zaXRvcnkxNTA2Mjg2OQ==
MDQ6VXNlcjgxMDQzOA==,MDEwOlJlcG9zaXRvcnk2NTc5NDI5Mg==
MDQ6VXNlcjgxMDQzOA==,MDEwOlJlcG9zaXRvcnk2MDkzMzE2
MDQ6VXNlcjgxMDQzOA==,MDEwOlJlcG9zaXRvcnkyNTg4MDg5MQ==
MDQ6VXNlcjgxMDQzOA==,MDEwOlJlcG9zaXRvcnk0NTk0MjI3NA==
MDQ6VXNlcjgxMDQzOA==,MDEwOlJlcG9zaXRvcnkzODkzNDQ0OQ==
MDQ6VXNlcjgxMDQzOA==,MDEwOlJlcG9zaXRvcnk1MjExMzkyMQ==
MDQ6VXNlcjgxMDQzOA==,MDEwOlJlcG9zaXRvcnkzNTY0MDIyOQ==
MDQ6VXNlcjgxMDQzOA==,MDEwOlJlcG9zaXRvcnk0NTE0Nzg0MQ==
MDQ6VXNlcjgxMDQzOA==,MDEwOlJlcG9zaXRvcnk0MDUwODYwNQ==
MDQ6VXNlcjgxMDQzOA==,MDEwOlJlcG9zaXRvcnkzNzE1MzMzNw==
MDQ6VXNlcjgxMDQzOA==,MDEwOlJlcG9zaXRvcnkxMjYwMTM3NA==
MDQ6VXNlcjExMDk1Mw==,MDEwOlJlcG9zaXRvcnkyNDU2MDMwNw==
MDQ6VXNlcjExMDk1Mw==,MDEwOlJlcG9zaXRvcnkzNjA0MDg5NA==
MDQ6VXNlcjExMDk1Mw==,MDEwOlJlcG9zaXRvcnkxODQ0MjUx
MDQ6VXNlcjExMDk1Mw==,MDEwOlJlcG9zaXRvcnk1MzM3MDk4OA==
MDQ6VXNlcjExMDk1Mw==,MDEwOlJlcG9zaXRvcnkxOTI0OTgzNQ==
MDQ6VXNlcjExMDk1Mw==,MDEwOlJlcG9zaXRvcnk1NTQyNDY3MA==
MDQ6VXNlcjExMDk1Mw==,MDEwOlJlcG9zaXRvcnkxMjc2ODkyOTc=
MDQ6VXNlcjExMDk1Mw==,MDEwOlJlcG9zaXRvcnkxNTMwMTA0
MDQ6VXNlcjExMDk1Mw==,MDEwOlJlcG9zaXRvcnk0OTY1MTE3Ng==
MDQ6VXNlcjExMDk1Mw==,MDEwOlJlcG9zaXRvcnk4NDE2NTUyMg==
MDQ6VXNlcjExMDk1Mw==,MDEwOlJlcG9zaXRvcnkxNTg4NzM5Njk=
MDQ6VXNlcjExMDk1Mw==,MDEwOlJlcG9zaXRvcnkxMzc5ODc5MTA=
MDQ6VXNlcjExMDk1Mw==,MDEwOlJlcG9zaXRvcnkxMTAyOTE5Mg==
MDQ6VXNlcjExMDk1Mw==,MDEwOlJlcG9zaXRvcnk4NjIwNDMxOQ==
MDQ6VXNlcjExMDk1Mw==,MDEwOlJlcG9zaXRvcnk5OTYzNDc1Mg==
MDQ6VXNlcjExMDk1Mw==,MDEwOlJlcG9zaXRvcnk5NzMwMzgwOA==
MDQ6VXNlcjExMDk1Mw==,MDEwOlJlcG9zaXRvcnkxMjQ0NDE2NTc=
MDQ6VXNlcjExMDk1Mw==,MDEwOlJlcG9zaXRvcnk1NTI2Mzc0NQ==
MDQ6VXNlcjExMDk1Mw==,MDEwOlJlcG9zaXRvcnk4ODg5NDA0NA==
MDQ6VXNlcjExMDk1Mw==,MDEwOlJlcG9zaXRvcnkxMDE4NDIxMDE=
MDQ6VXNlcjE3MDI3MA==,MDEwOlJlcG9zaXRvcnkyMTczNzQ2NQ==
MDQ6VXNlcjE3MDI3MA==,MDEwOlJlcG9zaXRvcnk5Mzg0MjY3
MDQ6VXNlcjE3MDI3MA==,MDEwOlJlcG9zaXRvcnkyNzE5Mzc3OQ==
MDQ6VXNlcjE3MDI3MA==,MDEwOlJlcG9zaXRvcnkzMjI4NTA1
MDQ6VXNlcjE3MDI3MA==,MDEwOlJlcG9zaXRvcnkzNjc4NzMx
MDQ6VXNlcjE3MDI3MA==,MDEwOlJlcG9zaXRvcnkyMDkyOTAyNQ==
MDQ6VXNlcjE3MDI3MA==,MDEwOlJlcG9zaXRvcnkyMTczNzI2Ng==
MDQ6VXNlcjE3MDI3MA==,MDEwOlJlcG9zaXRvcnkxODQ0MjUx
MDQ6VXNlcjE3MDI3MA==,MDEwOlJlcG9zaXRvcnk2MDkzMzE2
MDQ6VXNlcjE3MDI3MA==,MDEwOlJlcG9zaXRvcnkzMjI0Nzg0Nw==
MDQ6VXNlcjE3MDI3MA==,MDEwOlJlcG9zaXRvcnkyMTY5NjMwMg==
MDQ6VXNlcjE3MDI3MA==,MDEwOlJlcG9zaXRvcnkzNDQ1MzA2MA==
MDQ6VXNlcjE3MDI3MA==,MDEwOlJlcG9zaXRvcnkyNjgyMDc5OA==
MDQ6VXNlcjE3MDI3MA==,MDEwOlJlcG9zaXRvcnkxMDkzNDMwOTg=
MDQ6VXNlcjE3MDI3MA==,MDEwOlJlcG9zaXRvcnkxMTA2MTc3Mw==
MDQ6VXNlcjE3MDI3MA==,MDEwOlJlcG9zaXRvcnkxNTAwODA3Mg==
MDQ6VXNlcjE3MDI3MA==,MDEwOlJlcG9zaXRvcnk3MTQwNzQ=
MDQ6VXNlcjE3MDI3MA==,MDEwOlJlcG9zaXRvcnkxMTg1NTE5NQ==
MDQ6VXNlcjE3MDI3MA==,MDEwOlJlcG9zaXRvcnkzNTczMjIxNA==
MDQ6VXNlcjE3MDI3MA==,MDEwOlJlcG9zaXRvcnk2NTQxMTA0Mw==
MDQ6VXNlcjEyNzk2MDk=,MDEwOlJlcG9zaXRvcnkxMjM1Njg4ODE=
MDQ6VXNlcjEyNzk2MDk=,MDEwOlJlcG9zaXRvcnkxMzc5NjIyOTY=
MDQ6VXNlcjEyNzk2MDk=,MDEwOlJlcG9zaXRvcnkxMzUxODAyNTg=
MDQ6VXNlcjEyNzk2MDk=,MDEwOlJlcG9zaXRvcnkxMjg0NjgwOTU=
MDQ6VXNlcjEyNzk2MDk=,MDEwOlJlcG9zaXRvcnkxNTUzMzc3NzE=
MDQ6VXNlcjEyNzk2MDk=,MDEwOlJlcG9zaXRvcnkxMjczMjczMzI=
MDQ6VXNlcjEyNzk2MDk=,MDEwOlJlcG9zaXRvcnkxMzkzNzc0ODc=
MDQ6VXNlcjEyNzk2MDk=,MDEwOlJlcG9zaXRvcnkxMzk4OTczNzc=
MDQ6VXNlcjEyNzk2MDk=,MDEwOlJlcG9zaXRvcnkxMTk5NzUyMzc=
MDQ6VXNlcjEyNzk2MDk=,MDEwOlJlcG9zaXRvcnkxMDQ5OTY2MjM=
MDQ6VXNlcjEyNzk2MDk=,MDEwOlJlcG9zaXRvcnkxMTc5NTU5MzQ=
MDQ6VXNlcjEyNzk2MDk=,MDEwOlJlcG9zaXRvcnkxNDEyMTAwNTk=
MDQ6VXNlcjEyNzk2MDk=,MDEwOlJlcG9zaXRvcnkxMDk4MzgyMjg=
MDQ6VXNlcjEyNzk2MDk=,MDEwOlJlcG9zaXRvcnkxMjQzODM1OTY=
MDQ6VXNlcjEyNzk2MDk=,MDEwOlJlcG9zaXRvcnkxNDYzMzMyMTM=
MDQ6VXNlcjEyNzk2MDk=,MDEwOlJlcG9zaXRvcnkxMzE0MTQyMDE=
MDQ6VXNlcjEyNzk2MDk=,MDEwOlJlcG9zaXRvcnkxNDczNzE4OTQ=
MDQ6VXNlcjEyNzk2MDk=,MDEwOlJlcG9zaXRvcnkxMzk1MDkzNzQ=
MDQ6VXNlcjEyNzk2MDk=,MDEwOlJlcG9zaXRvcnkxMTk4MTc1MTE=
MDQ6VXNlcjEyNzk2MDk=,MDEwOlJlcG9zaXRvcnkxMzU2OTU4NzU=
MDQ6VXNlcjM5MTkx,MDEwOlJlcG9zaXRvcnk5MDc5NjY2Mw==
MDQ6VXNlcjM5MTkx,MDEwOlJlcG9zaXRvcnkyMDkyOTAyNQ==
MDQ6VXNlcjM5MTkx,MDEwOlJlcG9zaXRvcnk1MzM3MDk4OA==
MDQ6VXNlcjM5MTkx,MDEwOlJlcG9zaXRvcnk1MTA3MTgxOA==
MDQ6VXNlcjM5MTkx,MDEwOlJlcG9zaXRvcnkyODcwNDU0OQ==
MDQ6VXNlcjM5MTkx,MDEwOlJlcG9zaXRvcnkxOTI0OTgzNQ==
MDQ6VXNlcjM5MTkx,MDEwOlJlcG9zaXRvcnkxNDE3NDU5NTE=
MDQ6VXNlcjM5MTkx,MDEwOlJlcG9zaXRvcnkzMjM4MjQz
MDQ6VXNlcjM5MTkx,MDEwOlJlcG9zaXRvcnk1MzM5NDU0Nw==
MDQ6VXNlcjM5MTkx,MDEwOlJlcG9zaXRvcnkzMjUwMjcx
MDQ6VXNlcjM5MTkx,MDEwOlJlcG9zaXRvcnkxMTk4MjIzMDQ=
MDQ6VXNlcjM5MTkx,MDEwOlJlcG9zaXRvcnkxNTU3MDEx
MDQ6VXNlcjM5MTkx,MDEwOlJlcG9zaXRvcnkxMjAzNjA3NjU=
MDQ6VXNlcjM5MTkx,MDEwOlJlcG9zaXRvcnkxMjA3MTU1Mzc=
MDQ6VXNlcjM5MTkx,MDEwOlJlcG9zaXRvcnk0Mzg0MDE4
MDQ6VXNlcjM5MTkx,MDEwOlJlcG9zaXRvcnkzNzIwNTQ0MA==
MDQ6VXNlcjM5MTkx,MDEwOlJlcG9zaXRvcnkyOTc5MTk4Ng==
MDQ6VXNlcjM5MTkx,MDEwOlJlcG9zaXRvcnk1NTAwMTg1Mw==
MDQ6VXNlcjM5MTkx,MDEwOlJlcG9zaXRvcnkxNzg4NDI5MA==
MDQ6VXNlcjM5MTkx,MDEwOlJlcG9zaXRvcnkzMzk0NzU0OA==
MDQ6VXNlcjExOTg5Mw==,MDEwOlJlcG9zaXRvcnkxMzYyNDkw
MDQ6VXNlcjExOTg5Mw==,MDEwOlJlcG9zaXRvcnkxNjQ0MTk2
MDQ6VXNlcjExOTg5Mw==,MDEwOlJlcG9zaXRvcnkxNDgxMzA1
MDQ6VXNlcjExOTg5Mw==,MDEwOlJlcG9zaXRvcnk3OTUxMDE2Nw==
MDQ6VXNlcjExOTg5Mw==,MDEwOlJlcG9zaXRvcnkxMjI3NzU3ODA=
MDQ6VXNlcjExOTg5Mw==,MDEwOlJlcG9zaXRvcnk1MDA2MzI1Mg==
MDQ6VXNlcjExOTg5Mw==,MDEwOlJlcG9zaXRvcnkxNzc4NDcx
MDQ6VXNlcjExOTg5Mw==,MDEwOlJlcG9zaXRvcnkxMjUyNjYzMjg=
MDQ6VXNlcjExOTg5Mw==,MDEwOlJlcG9zaXRvcnkxOTUxMTQ4
MDQ6VXNlcjExOTg5Mw==,MDEwOlJlcG9zaXRvcnkyODQ1MjYzNw==
MDQ6VXNlcjExOTg5Mw==,MDEwOlJlcG9zaXRvcnk1Mjg1NTUxNg==
MDQ6VXNlcjExOTg5Mw==,MDEwOlJlcG9zaXRvcnkzNDIxMjky
MDQ6VXNlcjExOTg5Mw==,MDEwOlJlcG9zaXRvcnkxMDE2NjAzODc=
MDQ6VXNlcjExOTg5Mw==,MDEwOlJlcG9zaXRvcnkxNTM1MDA5
MDQ6VXNlcjExOTg5Mw==,MDEwOlJlcG9zaXRvcnkxMDEwNzgwMzk=
MDQ6VXNlcjExOTg5Mw==,MDEwOlJlcG9zaXRvcnk3NjYwNjU3Mg==
MDQ6VXNlcjExOTg5Mw==,MDEwOlJlcG9zaXRvcnk3NDE3MTkyOA==
MDQ6VXNlcjExOTg5Mw==,MDEwOlJlcG9zaXRvcnkxNTIyMzc3ODc=
MDQ6VXNlcjExOTg5Mw==,MDEwOlJlcG9zaXRvcnkyOTkxODk3NQ==
MDQ6VXNlcjExOTg5Mw==,MDEwOlJlcG9zaXRvcnk3OTA4MzYxNA==
MDQ6VXNlcjQ3MDA1OA==,MDEwOlJlcG9zaXRvcnkzNTY1NTM1Mw==
MDQ6VXNlcjQ3MDA1OA==,MDEwOlJlcG9zaXRvcnkxNjY3OTkwOQ==
MDQ6VXNlcjQ3MDA1OA==,MDEwOlJlcG9zaXRvcnk0MDQzNDI0MA==
MDQ6VXNlcjQ3MDA1OA==,MDEwOlJlcG9zaXRvcnk3NDkzMjE3MQ==
MDQ6VXNlcjQ3MDA1OA==,MDEwOlJlcG9zaXRvcnk1MzIzNDg1Nw==
MDQ6VXNlcjQ3MDA1OA==,MDEwOlJlcG9zaXRvcnkxMzM5NTg2NzY=
MDQ6VXNlcjQ3MDA1OA==,MDEwOlJlcG9zaXRvcnk4ODQ2MDQwNg==
MDQ6VXNlcjQ3MDA1OA==,MDEwOlJlcG9zaXRvcnkxNTU5Nzk1MjI=
MDQ6VXNlcjQ3MDA1OA==,MDEwOlJlcG9zaXRvcnkxNTA4NDg3MDU=
MDQ6VXNlcjQ3MDA1OA==,MDEwOlJlcG9zaXRvcnk1NDc1NTA5NQ==
MDQ6VXNlcjQ3MDA1OA==,MDEwOlJlcG9zaXRvcnkxNjAzMDc2ODU=
MDQ6VXNlcjQ3MDA1OA==,MDEwOlJlcG9zaXRvcnkxMzUwMDQ5NzA=
MDQ6VXNlcjQ3MDA1OA==,MDEwOlJlcG9zaXRvcnkxMzgxMDI2Mjg=
MDQ6VXNlcjQ3MDA1OA==,MDEwOlJlcG9zaXRvcnkxMjc5ODE5OTI=
MDQ6VXNlcjQ3MDA1OA==,MDEwOlJlcG9zaXRvcnkxMzY4MDE5Mjc=
MDQ6VXNlcjI1MDM0MjM=,MDEwOlJlcG9zaXRvcnkyMTMxODMyMg==
MDQ6VXNlcjI1MDM0MjM=,MDEwOlJlcG9zaXRvcnkxMzkwOTczNTQ=
MDQ6VXNlcjI1MDM0MjM=,MDEwOlJlcG9zaXRvcnkxMzYyNTQ0MjQ=
MDQ6VXNlcjE=,MDEwOlJlcG9zaXRvcnk4Mzg1NjE2
MDQ6VXNlcjE=,MDEwOlJlcG9zaXRvcnk0NDUxNTAzNA==
MDQ6VXNlcjE=,MDEwOlJlcG9zaXRvcnk1NTYzMTQ0OQ==
MDQ6VXNlcjE=,MDEwOlJlcG9zaXRvcnkxMzUyMjA0MzI=
MDQ6VXNlcjE=,MDEwOlJlcG9zaXRvcnkxMjYzOTgyNzk=
MDQ6VXNlcjE=,MDEwOlJlcG9zaXRvcnkxNTAxNjExNzY=
MDQ6VXNlcjE=,MDEwOlJlcG9zaXRvcnkxNTY5NTMwMzg=
MDQ6VXNlcjI=,MDEwOlJlcG9zaXRvcnkxMzM2Nzc5
MDQ6VXNlcjg1NDc1Mzg=,MDEwOlJlcG9zaXRvcnk5MTE5ODcyOA==
MDQ6VXNlcjI0MTEzOA==,MDEwOlJlcG9zaXRvcnk0NzAxMDQ3OQ==
MDQ6VXNlcjI0MTEzOA==,MDEwOlJlcG9zaXRvcnkxMzA2MTI3MjM=
MDQ6VXNlcjI0MTEzOA==,MDEwOlJlcG9zaXRvcnkxMjc1Nzc5OTQ=
MDQ6VXNlcjI0MTEzOA==,MDEwOlJlcG9zaXRvcnkxMjE5MDM1MTk=
MDQ6VXNlcjI0MTEzOA==,MDEwOlJlcG9zaXRvcnkyMTQ0NTgwOA==
MDQ6VXNlcjI0MTEzOA==,MDEwOlJlcG9zaXRvcnkxMzM3MjExNzg=
MDQ6VXNlcjIzMDU0MQ==,MDEwOlJlcG9zaXRvcnk5NDMxNDk=
MDQ6VXNlcjIzMDU0MQ==,MDEwOlJlcG9zaXRvcnkxMjU0NDk3
MDQ6VXNlcjIzMDU0MQ==,MDEwOlJlcG9zaXRvcnkxMjM4NzAzMTU=
MDQ6VXNlcjIzMDU0MQ==,MDEwOlJlcG9zaXRvcnk1NTY5MDU5
MDQ6VXNlcjIzMDU0MQ==,MDEwOlJlcG9zaXRvcnkxMTE5NTcwMA==
MDQ6VXNlcjIzMDU0MQ==,MDEwOlJlcG9zaXRvcnk5OTEyNzY5Ng==
MDQ6VXNlcjIzMDU0MQ==,MDEwOlJlcG9zaXRvcnk1OTMyNzQ5
MDQ6VXNlcjIzMDU0MQ==,MDEwOlJlcG9zaXRvcnk1NTQyMDMy
MDQ6VXNlcjIzMDU0MQ==,MDEwOlJlcG9zaXRvcnkzODY0MDc3Mw==
MDQ6VXNlcjIzMDU0MQ==,MDEwOlJlcG9zaXRvcnkxMjc5Njg3MDQ=
MDQ6VXNlcjIzMDU0MQ==,MDEwOlJlcG9zaXRvcnkyNjkzMTM1OQ==
MDQ6VXNlcjIzMDU0MQ==,MDEwOlJlcG9zaXRvcnkzNzU1OTI5OQ==
MDQ6VXNlcjIzMDU0MQ==,MDEwOlJlcG9zaXRvcnk1MjI0MjQyMg==
MDQ6VXNlcjIzMDU0MQ==,MDEwOlJlcG9zaXRvcnk5MTQ1MDYyMw==
MDQ6VXNlcjIzMDU0MQ==,MDEwOlJlcG9zaXRvcnkxMDg4ODE5Mg==
MDQ6VXNlcjIzMDU0MQ==,MDEwOlJlcG9zaXRvcnk0NTQ5MzkwNQ==
MDQ6VXNlcjIzMDU0MQ==,MDEwOlJlcG9zaXRvcnkxMTg2NDkzMzU=
MDQ6VXNlcjIzMDU0MQ==,MDEwOlJlcG9zaXRvcnk1MzA3MDkwMQ==
MDQ6VXNlcjIzMDU0MQ==,MDEwOlJlcG9zaXRvcnkzNjY5NzI3MA==
MDQ6VXNlcjIzMDU0MQ==,MDEwOlJlcG9zaXRvcnk2MDQyMzA4OA==
MDQ6VXNlcjE1MDMzMA==,MDEwOlJlcG9zaXRvcnkxNDQ0MDI3MA==
MDQ6VXNlcjE1MDMzMA==,MDEwOlJlcG9zaXRvcnk1NTc5ODA=
MDQ6VXNlcjE1MDMzMA==,MDEwOlJlcG9zaXRvcnkxMTA2MTc3Mw==
MDQ6VXNlcjE1MDMzMA==,MDEwOlJlcG9zaXRvcnk5NDI5MDM=
MDQ6VXNlcjE1MDMzMA==,MDEwOlJlcG9zaXRvcnk2NTg2NjU1OQ==
MDQ6VXNlcjE1MDMzMA==,MDEwOlJlcG9zaXRvcnkxODYwOTQyNw==
MDQ6VXNlcjE1MDMzMA==,MDEwOlJlcG9zaXRvcnkxNDA5ODEx
MDQ6VXNlcjE1MDMzMA==,MDEwOlJlcG9zaXRvcnkxMzgzMTcw
MDQ6VXNlcjE1MDMzMA==,MDEwOlJlcG9zaXRvcnkyNTk2OTE=
MDQ6VXNlcjE1MDMzMA==,MDEwOlJlcG9zaXRvcnkyNzY1ODk5
MDQ6VXNlcjE1MDMzMA==,MDEwOlJlcG9zaXRvcnk5ODc3MDA3Ng==
MDQ6VXNlcjE1MDMzMA==,MDEwOlJlcG9zaXRvcnk4MjIxMTM2MA==
MDQ6VXNlcjE1MDMzMA==,MDEwOlJlcG9zaXRvcnk3OTk4NDQ=
MDQ6VXNlcjE1MDMzMA==,MDEwOlJlcG9zaXRvcnk0MTgwMzU1
MDQ6VXNlcjE1MDMzMA==,MDEwOlJlcG9zaXRvcnkzMDAyNzE2Mw==
MDQ6VXNlcjE1MDMzMA==,MDEwOlJlcG9zaXRvcnkzMzY4Njky
MDQ6VXNlcjE1MDMzMA==,MDEwOlJlcG9zaXRvcnk1MzQ5NDA=
MDQ6VXNlcjE1MDMzMA==,MDEwOlJlcG9zaXRvcnkxOTQ0MjEwOA==
MDQ6VXNlcjE1MDMzMA==,MDEwOlJlcG9zaXRvcnk0NDE0ODczOA==
MDQ6VXNlcjE1MDMzMA==,MDEwOlJlcG9zaXRvcnkxMTY2MDQ1ODE=
MDQ6VXNlcjk4Njgx,MDEwOlJlcG9zaXRvcnkyMTI2MjQ0
MDQ6VXNlcjk4Njgx,MDEwOlJlcG9zaXRvcnkzMjU1MTczNQ==
MDQ6VXNlcjk4Njgx,MDEwOlJlcG9zaXRvcnkyNzcwNDgzOQ==
MDQ6VXNlcjk4Njgx,MDEwOlJlcG9zaXRvcnkyMzY4Mzc4OQ==
MDQ6VXNlcjk4Njgx,MDEwOlJlcG9zaXRvcnk3NDEzODEwOA==
MDQ6VXNlcjk4Njgx,MDEwOlJlcG9zaXRvcnk1NjIzNzYxMg==
MDQ6VXNlcjk4Njgx,MDEwOlJlcG9zaXRvcnkzNzk0ODM5
MDQ6VXNlcjk4Njgx,MDEwOlJlcG9zaXRvcnkxMjc3MDU4NTc=
MDQ6VXNlcjMyNzAxOQ==,MDEwOlJlcG9zaXRvcnkyNzE5Mzc3OQ==
MDQ6VXNlcjMyNzAxOQ==,MDEwOlJlcG9zaXRvcnkzNDMwMjY5OA==
MDQ6VXNlcjMyNzAxOQ==,MDEwOlJlcG9zaXRvcnk2MTQyMTI1Nw==
MDQ6VXNlcjMyNzAxOQ==,MDEwOlJlcG9zaXRvcnkzNDQ3NTkz
MDQ6VXNlcjMyNzAxOQ==,MDEwOlJlcG9zaXRvcnkxMjMyNDM3MDU=
MDQ6VXNlcjMyNzAxOQ==,MDEwOlJlcG9zaXRvcnk5NDA2NDE5OA==
MDQ6VXNlcjMyNzAxOQ==,MDEwOlJlcG9zaXRvcnk0Njg4MTE1NQ==
MDQ6VXNlcjMyNzAxOQ==,MDEwOlJlcG9zaXRvcnkxMjMzOTQ2MTc=
MDQ6VXNlcjMyNzAxOQ==,MDEwOlJlcG9zaXRvcnk1OTg3NTIz
MDQ6VXNlcjMyNzAxOQ==,MDEwOlJlcG9zaXRvcnkyNzEyNDM2MQ==
MDQ6VXNlcjMyNzAxOQ==,MDEwOlJlcG9zaXRvcnkxODQyNzAyNQ==
MDQ6VXNlcjMyNzAxOQ==,MDEwOlJlcG9zaXRvcnk2MjI2ODA2
MDQ6VXNlcjMyNzAxOQ==,MDEwOlJlcG9zaXRvcnkyNzQwOTQwMA==
MDQ6VXNlcjMyNzAxOQ==,MDEwOlJlcG9zaXRvcnkzOTU1NTg5OA==
MDQ6VXNlcjMyNzAxOQ==,MDEwOlJlcG9zaXRvcnk2NTIwMzE5MA==
MDQ6VXNlcjMyNzAxOQ==,MDEwOlJlcG9zaXRvcnkyNjI2MTU4NA==
MDQ6VXNlcjMyNzAxOQ==,MDEwOlJlcG9zaXRvcnkzOTU1ODg2MQ==
MDQ6VXNlcjMyNzAxOQ==,MDEwOlJlcG9zaXRvcnkzODI5MTU5MQ==
MDQ6VXNlcjMyNzAxOQ==,MDEwOlJlcG9zaXRvcnk0NDUxODMw
MDQ6VXNlcjMyNzAxOQ==,MDEwOlJlcG9zaXRvcnkxMTE1NDA1MDI=
MDQ6VXNlcjI2MjY0MQ==,MDEwOlJlcG9zaXRvcnkxMDkyMjc3
MDQ6VXNlcjI2MjY0MQ==,MDEwOlJlcG9zaXRvcnkxMDc2MDU3
MDQ6VXNlcjI2MjY0MQ==,MDEwOlJlcG9zaXRvcnkxNzU0NTA4OA==
MDQ6VXNlcjI2MjY0MQ==,MDEwOlJlcG9zaXRvcnk0NDg0MjMyNg==
MDQ6VXNlcjI2MjY0MQ==,MDEwOlJlcG9zaXRvcnk0MTI5OTI2
MDQ6VXNlcjI2MjY0MQ==,MDEwOlJlcG9zaXRvcnkxNTM3ODc1MDk=
MDQ6VXNlcjI2MjY0MQ==,MDEwOlJlcG9zaXRvcnkxNDQyODk0NTY=
MDQ6VXNlcjI2MjY0MQ==,MDEwOlJlcG9zaXRvcnkxMzE1MzYwMDg=
MDQ6VXNlcjI2MjY0MQ==,MDEwOlJlcG9zaXRvcnk2NjIzODgyOQ==
MDQ6VXNlcjI2MjY0MQ==,MDEwOlJlcG9zaXRvcnk3ODg3ODczNQ==
MDQ6VXNlcjI2MjY0MQ==,MDEwOlJlcG9zaXRvcnkxMzI2NzcxNzY=
MDQ6VXNlcjExNjk1MjI=,MDEwOlJlcG9zaXRvcnkxNTY1MzI3Ng==
MDQ6VXNlcjExNjk1MjI=,MDEwOlJlcG9zaXRvcnkxOTk3NjQxOA==
MDQ6VXNlcjExNjk1MjI=,MDEwOlJlcG9zaXRvcnkxMjg2Nzc1Mw==
MDQ6VXNlcjgw,MDEwOlJlcG9zaXRvcnkyNzE5Mzc3OQ==
MDQ6VXNlcjgw,MDEwOlJlcG9zaXRvcnkyMzA5Njk1OQ==
MDQ6VXNlcjgw,MDEwOlJlcG9zaXRvcnk5OTU5ODU5NQ==
MDQ6VXNlcjgw,MDEwOlJlcG9zaXRvcnkxMzM0NDIzODQ=
MDQ6VXNlcjgw,MDEwOlJlcG9zaXRvcnkxOTk1MzA0NA==
MDQ6VXNlcjgw,MDEwOlJlcG9zaXRvcnkxMjM4NzAzMTU=
MDQ6VXNlcjgw,MDEwOlJlcG9zaXRvcnk5OTEyNzY5Ng==
MDQ6VXNlcjgw,MDEwOlJlcG9zaXRvcnkxMTY3MjM0NQ==
MDQ6VXNlcjgw,MDEwOlJlcG9zaXRvcnk2NzgzNjc4OQ==
MDQ6VXNlcjgw,MDEwOlJlcG9zaXRvcnkxMTA5ODk5OTg=
MDQ6VXNlcjgw,MDEwOlJlcG9zaXRvcnkzMzA2MjA1NQ==
MDQ6VXNlcjgw,MDEwOlJlcG9zaXRvcnk0ODI1MTU5NA==
MDQ6VXNlcjgw,MDEwOlJlcG9zaXRvcnkxMjEyODQ0NTU=
MDQ6VXNlcjgw,MDEwOlJlcG9zaXRvcnkxMzMyNzExNDQ=
MDQ6VXNlcjgw,MDEwOlJlcG9zaXRvcnk0NTg2MjQ5NQ==
MDQ6VXNlcjgw,MDEwOlJlcG9zaXRvcnkyNjIxMDU5OA==
MDQ6VXNlcjgw,MDEwOlJlcG9zaXRvcnkxMjMwMDAwNDc=
MDQ6VXNlcjgw,MDEwOlJlcG9zaXRvcnkxNDAxNzI2MA==
MDQ6VXNlcjgw,MDEwOlJlcG9zaXRvcnk2NzYzNTQ2OQ==
MDQ6VXNlcjgw,MDEwOlJlcG9zaXRvcnkxNDc2MTM5MTU=
MDQ6VXNlcjE2MTU=,MDEwOlJlcG9zaXRvcnkyNjc1OTQ5
MDQ6VXNlcjE2MTU=,MDEwOlJlcG9zaXRvcnk0OTA5OTM5OQ==
MDQ6VXNlcjE2MTU=,MDEwOlJlcG9zaXRvcnk3ODY5NzY3MA==
MDQ6VXNlcjE2MTU=,MDEwOlJlcG9zaXRvcnkxMjI2NTE2Mw==
MDQ6VXNlcjE2MTU=,MDEwOlJlcG9zaXRvcnk3ODcxNzA=
MDQ6VXNlcjE2MTU=,MDEwOlJlcG9zaXRvcnkxMjMxOTg0Njk=
MDQ6VXNlcjE2MTU=,MDEwOlJlcG9zaXRvcnkxMTI5MjgwNjA=
MDQ6VXNlcjE2MTU=,MDEwOlJlcG9zaXRvcnk2NDM1MTMyNA==
MDQ6VXNlcjE2MTU=,MDEwOlJlcG9zaXRvcnk0NjI4NTc5
MDQ6VXNlcjE2MTU=,MDEwOlJlcG9zaXRvcnkyNTg5MjYzOQ==
MDQ6VXNlcjE2MTU=,MDEwOlJlcG9zaXRvcnkxMDIwMzM3Nw==
MDQ6VXNlcjE2MTU=,MDEwOlJlcG9zaXRvcnkxNjQ1ODMxMA==
MDQ6VXNlcjE2MTU=,MDEwOlJlcG9zaXRvcnkxNDk2NTM3MDM=
MDQ6VXNlcjE2MTU=,MDEwOlJlcG9zaXRvcnkxNTIwMDg3OTc=
MDQ6VXNlcjE2MTU=,MDEwOlJlcG9zaXRvcnkxNDcxMDUzNDY=
MDQ6VXNlcjE2MTU=,MDEwOlJlcG9zaXRvcnkxNDUwNTg1Nzg=
MDQ6VXNlcjE2MTU=,MDEwOlJlcG9zaXRvcnkxMTQxNzU1NjU=
MDQ6VXNlcjc2NTk=,MDEwOlJlcG9zaXRvcnkyMzY1NTQ5
MDQ6VXNlcjc2NTk=,MDEwOlJlcG9zaXRvcnkyMjc1NzkwNQ==
MDQ6VXNlcjc2NTk=,MDEwOlJlcG9zaXRvcnkyMTAzMjgz
MDQ6VXNlcjc2NTk=,MDEwOlJlcG9zaXRvcnk1NzIyNDY2
MDQ6VXNlcjc2NTk=,MDEwOlJlcG9zaXRvcnkxNzAzMzc4Ng==
MDQ6VXNlcjc2NTk=,MDEwOlJlcG9zaXRvcnk1NjI3MTM5
MDQ6VXNlcjc2NTk=,MDEwOlJlcG9zaXRvcnkyMjY2MDIzMw==
MDQ6VXNlcjc2NTk=,MDEwOlJlcG9zaXRvcnk3NDE0MTQy
MDQ6VXNlcjc2NTk=,MDEwOlJlcG9zaXRvcnk2NjIyMjI0
MDQ6VXNlcjc2NTk=,MDEwOlJlcG9zaXRvcnkxMzg3NjY0MzA=
MDQ6VXNlcjc2NTk=,MDEwOlJlcG9zaXRvcnkyNjMwMzA=
MDQ6VXNlcjc2NTk=,MDEwOlJlcG9zaXRvcnk1NTYzMTQ0OQ==
MDQ6VXNlcjc2NTk=,MDEwOlJlcG9zaXRvcnkxMzA2OTU1MA==
MDQ6VXNlcjc2NTk=,MDEwOlJlcG9zaXRvcnk0MTcwMzg0
MDQ6VXNlcjc2NTk=,MDEwOlJlcG9zaXRvcnkyMDEyNDk1MQ==
MDQ6VXNlcjc2NTk=,MDEwOlJlcG9zaXRvcnkxMzA3MjUwODI=
MDQ6VXNlcjc2NTk=,MDEwOlJlcG9zaXRvcnkzNjg5NTY0
MDQ6VXNlcjc2NTk=,MDEwOlJlcG9zaXRvcnkyOTI2MTY3
MDQ6VXNlcjc2NTk=,MDEwOlJlcG9zaXRvcnk5NjQzMTQ5OQ==
MDQ6VXNlcjc2NTk=,MDEwOlJlcG9zaXRvcnkxMjE5OTU5MTQ=
MDQ6VXNlcjQxOTY=,MDEwOlJlcG9zaXRvcnk1NzE3NzA=
MDQ6VXNlcjQxOTY=,MDEwOlJlcG9zaXRvcnkxOTQzOA==
MDQ6VXNlcjQxOTY=,MDEwOlJlcG9zaXRvcnk0NzI5OTQ0
MDQ6VXNlcjQxOTY=,MDEwOlJlcG9zaXRvcnk2NDI3ODEz
MDQ6VXNlcjQxOTY=,MDEwOlJlcG9zaXRvcnkxMTQ3NDYz
MDQ6VXNlcjQxOTY=,MDEwOlJlcG9zaXRvcnk1MDU0NDE2Ng==
MDQ6VXNlcjQxOTY=,MDEwOlJlcG9zaXRvcnk2NDM5MDk=
MDQ6VXNlcjQxOTY=,MDEwOlJlcG9zaXRvcnkzOTc5OTcyMQ==
MDQ6VXNlcjQxOTY=,MDEwOlJlcG9zaXRvcnkxMjY4OTkwODc=
MDQ6VXNlcjQxOTY=,MDEwOlJlcG9zaXRvcnkxNjE0NjQ0MA==
MDQ6VXNlcjQxOTY=,MDEwOlJlcG9zaXRvcnkxMjI0MTc1MA==
MDQ6VXNlcjQxOTY=,MDEwOlJlcG9zaXRvcnk0NTA5MDAyNg==
MDQ6VXNlcjQxOTY=,MDEwOlJlcG9zaXRvcnkyODU1NjkxNA==
MDQ6VXNlcjQxOTY=,MDEwOlJlcG9zaXRvcnkyMjE3ODY4NQ==
MDQ6VXNlcjQxOTY=,MDEwOlJlcG9zaXRvcnk3MjY3MTUyMg==
MDQ6VXNlcjQxOTY=,MDEwOlJlcG9zaXRvcnkyMzkzMjIxNw==
MDQ6VXNlcjQxOTY=,MDEwOlJlcG9zaXRvcnkyNzU2NDAz
MDQ6VXNlcjQxOTY=,MDEwOlJlcG9zaXRvcnkyNzMwOTcyOQ==
MDQ6VXNlcjQxOTY=,MDEwOlJlcG9zaXRvcnkyMDY4ODI2MQ==
MDQ6VXNlcjQxOTY=,MDEwOlJlcG9zaXRvcnkxMTY2Mzk4MA==
MDQ6VXNlcjEzMDU2MTc=,MDEwOlJlcG9zaXRvcnk0NjIyOTI=
MDQ6VXNlcjEzMDU2MTc=,MDEwOlJlcG9zaXRvcnkzNTI1NjU4OQ==
MDQ6VXNlcjEzMDU2MTc=,MDEwOlJlcG9zaXRvcnk1MzczNjcz
MDQ6VXNlcjEzMDU2MTc=,MDEwOlJlcG9zaXRvcnkxODE5NDQ4Nw==
MDQ6VXNlcjEzMDU2MTc=,MDEwOlJlcG9zaXRvcnkxNzk3OTQ0Mg==
MDQ6VXNlcjEzMDU2MTc=,MDEwOlJlcG9zaXRvcnkxOTI0NDg2NQ==
MDQ6VXNlcjEzMDU2MTc=,MDEwOlJlcG9zaXRvcnkxMjAzMjA1MA==
MDQ6VXNlcjEzMDU2MTc=,MDEwOlJlcG9zaXRvcnkyMTMzNzA0NQ==
MDQ6VXNlcjEzMDU2MTc=,MDEwOlJlcG9zaXRvcnkxNjQyOTI4NA==
MDQ6VXNlcjEzMDU2MTc=,MDEwOlJlcG9zaXRvcnkxNTYwMTA1NQ==
MDQ6VXNlcjEzMDU2MTc=,MDEwOlJlcG9zaXRvcnk0NjI4MDkyOQ==
MDQ6VXNlcjEzMDU2MTc=,MDEwOlJlcG9zaXRvcnk0NjE5NDgyOQ==
MDQ6VXNlcjEzMDU2MTc=,MDEwOlJlcG9zaXRvcnkxNTc0NzYyNzg=
MDQ6VXNlcjEzMDU2MTc=,MDEwOlJlcG9zaXRvcnk3NzU2ODY3Mg==
MDQ6VXNlcjEzMDU2MTc=,MDEwOlJlcG9zaXRvcnkzOTQ3NDI4Mw==
MDQ6VXNlcjEzMDU2MTc=,MDEwOlJlcG9zaXRvcnkxNDM3ODU4MzA=
MDQ6VXNlcjEzMDU2MTc=,MDEwOlJlcG9zaXRvcnkxMTc4NzM5ODY=
MDQ6VXNlcjEzMDU2MTc=,MDEwOlJlcG9zaXRvcnkxNDc5NjAzNDM=
MDQ6VXNlcjEzMDU2MTc=,MDEwOlJlcG9zaXRvcnkxNDc5NjAyOTc=
MDQ6VXNlcjEzMDU2MTc=,MDEwOlJlcG9zaXRvcnkxMjE0MzU5NzY=
MDQ6VXNlcjUwMDM5MDM=,MDEwOlJlcG9zaXRvcnk0Njg5MDIwMg==
MDQ6VXNlcjUwMDM5MDM=,MDEwOlJlcG9zaXRvcnk2ODYyNjcxNg==
MDQ6VXNlcjUwMDM5MDM=,MDEwOlJlcG9zaXRvcnkxMTM2MDYxNTM=
MDQ6VXNlcjUwMDM5MDM=,MDEwOlJlcG9zaXRvcnkxMDgzMDQzOTI=
MDQ6VXNlcjUwMDM5MDM=,MDEwOlJlcG9zaXRvcnk1Mzg4NTM3Ng==
MDQ6VXNlcjUwMDM5MDM=,MDEwOlJlcG9zaXRvcnk3MjE0ODU1Nw==
MDQ6VXNlcjUwMDM5MDM=,MDEwOlJlcG9zaXRvcnk2MjczNjcwNQ==
MDQ6VXNlcjUwMDM5MDM=,MDEwOlJlcG9zaXRvcnkxMDM5OTYwMDg=
MDQ6VXNlcjUwMDM5MDM=,MDEwOlJlcG9zaXRvcnk1OTcwMDQ2Mg==
MDQ6VXNlcjUwMDM5MDM=,MDEwOlJlcG9zaXRvcnkxMzI0ODU4OTA=
MDQ6VXNlcjUwMDM5MDM=,MDEwOlJlcG9zaXRvcnkxMjA2NzE5MzY=
MDQ6VXNlcjUwMDM5MDM=,MDEwOlJlcG9zaXRvcnk5NDExOTEyMA==
MDQ6VXNlcjUwMDM5MDM=,MDEwOlJlcG9zaXRvcnkxMjA2NzIzMjQ=
MDQ6VXNlcjUwMDM5MDM=,MDEwOlJlcG9zaXRvcnkxNTEyODYxNTM=
MDQ6VXNlcjUwMDM5MDM=,MDEwOlJlcG9zaXRvcnkxNDM5MDM5MTY=
MDQ6VXNlcjUwMDM5MDM=,MDEwOlJlcG9zaXRvcnkxMjMxNzU3NzU=
MDQ6VXNlcjUwMDM5MDM=,MDEwOlJlcG9zaXRvcnkxNDMwNjE3MDc=
MDQ6VXNlcjUwMDM5MDM=,MDEwOlJlcG9zaXRvcnkxNDI4OTk5MDA=
MDQ6VXNlcjUwMDM5MDM=,MDEwOlJlcG9zaXRvcnkxNDQ3NzI4NjU=
MDQ6VXNlcjUwMDM5MDM=,MDEwOlJlcG9zaXRvcnkxMzEwNDE4OTM=
MDQ6VXNlcjQ2MzIzMA==,MDEwOlJlcG9zaXRvcnkxODYzMzI5
MDQ6VXNlcjQ2MzIzMA==,MDEwOlJlcG9zaXRvcnk3NTQ4OTg2
MDQ6VXNlcjQ2MzIzMA==,MDEwOlJlcG9zaXRvcnk0NDgwNDU=
MDQ6VXNlcjQ2MzIzMA==,MDEwOlJlcG9zaXRvcnkzMzkwNDM1MQ==
MDQ6VXNlcjQ2MzIzMA==,MDEwOlJlcG9zaXRvcnk3NTQ5MDk2
MDQ6VXNlcjQ2MzIzMA==,MDEwOlJlcG9zaXRvcnk5Nzc5MDE3
MDQ6VXNlcjQ2MzIzMA==,MDEwOlJlcG9zaXRvcnk0NzQzNzI2OA==
MDQ6VXNlcjQ2MzIzMA==,MDEwOlJlcG9zaXRvcnk3NzA3MTIwNw==
MDQ6VXNlcjQ2MzIzMA==,MDEwOlJlcG9zaXRvcnkyMzA1NjU4MA==
MDQ6VXNlcjQ2MzIzMA==,MDEwOlJlcG9zaXRvcnk2MjY5MDEz
MDQ6VXNlcjQ2MzIzMA==,MDEwOlJlcG9zaXRvcnkxNDU4NjU5NDE=
MDQ6VXNlcjQ2MzIzMA==,MDEwOlJlcG9zaXRvcnkxMDUxOTczMTU=
MDQ6VXNlcjQ2MzIzMA==,MDEwOlJlcG9zaXRvcnk5NzI0Nzg0NQ==
MDQ6VXNlcjQ2MzIzMA==,MDEwOlJlcG9zaXRvcnk0NTU0NTk5
MDQ6VXNlcjQ2MzIzMA==,MDEwOlJlcG9zaXRvcnk2MzA3MzczNA==
MDQ6VXNlcjQ2MzIzMA==,MDEwOlJlcG9zaXRvcnk3NTQ2ODQ3
MDQ6VXNlcjQ2MzIzMA==,MDEwOlJlcG9zaXRvcnkxNzM4ODc1OQ==
MDQ6VXNlcjQ2MzIzMA==,MDEwOlJlcG9zaXRvcnk1ODAwMTQ4Mw==
MDQ6VXNlcjQ2MzIzMA==,MDEwOlJlcG9zaXRvcnkyNjIyMzM5Nw==
MDQ6VXNlcjQ2MzIzMA==,MDEwOlJlcG9zaXRvcnkxNjY1MDEzMQ==
MDQ6VXNlcjcyOTY0OA==,MDEwOlJlcG9zaXRvcnkzMjg2NjQ1NA==
MDQ6VXNlcjcyOTY0OA==,MDEwOlJlcG9zaXRvcnk1MjU0NTU3
MDQ6VXNlcjcyOTY0OA==,MDEwOlJlcG9zaXRvcnkzOTI1MjQy
MDQ6VXNlcjcyOTY0OA==,MDEwOlJlcG9zaXRvcnkxNjA1NTk4
MDQ6VXNlcjcyOTY0OA==,MDEwOlJlcG9zaXRvcnk2NDgzMzI=
MDQ6VXNlcjcyOTY0OA==,MDEwOlJlcG9zaXRvcnkxMjg0OTk3Nw==
MDQ6VXNlcjcyOTY0OA==,MDEwOlJlcG9zaXRvcnkxNTQ5MDEzMA==
MDQ6VXNlcjcyOTY0OA==,MDEwOlJlcG9zaXRvcnkyODY5NDg0
MDQ6VXNlcjcyOTY0OA==,MDEwOlJlcG9zaXRvcnkyOTE3MDQyNw==
MDQ6VXNlcjcyOTY0OA==,MDEwOlJlcG9zaXRvcnk0MTMyNTI4Mg==
MDQ6VXNlcjcyOTY0OA==,MDEwOlJlcG9zaXRvcnkyMjMzMjQ0Ng==
MDQ6VXNlcjcyOTY0OA==,MDEwOlJlcG9zaXRvcnkzNjE3MDA0
MDQ6VXNlcjcyOTY0OA==,MDEwOlJlcG9zaXRvcnkzMTM0MTg=
MDQ6VXNlcjcyOTY0OA==,MDEwOlJlcG9zaXRvcnk2NDQ5MjMzNw==
MDQ6VXNlcjcyOTY0OA==,MDEwOlJlcG9zaXRvcnkzOTI1MTU3
MDQ6VXNlcjcyOTY0OA==,MDEwOlJlcG9zaXRvcnk1MzYzMzcwNA==
MDQ6VXNlcjcyOTY0OA==,MDEwOlJlcG9zaXRvcnkxMDY3MTQxMDk=
MDQ6VXNlcjcyOTY0OA==,MDEwOlJlcG9zaXRvcnk3NDI4MTczMw==
MDQ6VXNlcjcyOTY0OA==,MDEwOlJlcG9zaXRvcnk4NzAzMTg4Ng==
MDQ6VXNlcjcyOTY0OA==,MDEwOlJlcG9zaXRvcnkzMDE3NzEwOA==
MDQ6VXNlcjc3MzU2OQ==,MDEwOlJlcG9zaXRvcnk2MTkyOTU4Ng==
MDQ6VXNlcjc3MzU2OQ==,MDEwOlJlcG9zaXRvcnkxMzA2NDY4OTI=
MDQ6VXNlcjc3MzU2OQ==,MDEwOlJlcG9zaXRvcnk1ODU1OTY5NA==
MDQ6VXNlcjc3MzU2OQ==,MDEwOlJlcG9zaXRvcnkzNzQ5MzIx
MDQ6VXNlcjc3MzU2OQ==,MDEwOlJlcG9zaXRvcnk4NzMwNjI4
MDQ6VXNlcjc3MzU2OQ==,MDEwOlJlcG9zaXRvcnkzMzI3MzgzNw==
MDQ6VXNlcjc3MzU2OQ==,MDEwOlJlcG9zaXRvcnk0MzIxNzI1Nw==
MDQ6VXNlcjc3MzU2OQ==,MDEwOlJlcG9zaXRvcnkxODE2Nzc3Mg==
MDQ6VXNlcjc3MzU2OQ==,MDEwOlJlcG9zaXRvcnkzMzIxODA0OQ==
MDQ6VXNlcjc3MzU2OQ==,MDEwOlJlcG9zaXRvcnkzMzIyMzg5NQ==
MDQ6VXNlcjc3MzU2OQ==,MDEwOlJlcG9zaXRvcnkzMzIyMjE1NQ==
MDQ6VXNlcjc3MzU2OQ==,MDEwOlJlcG9zaXRvcnk0MDYzODg0Nw==
MDQ6VXNlcjc3MzU2OQ==,MDEwOlJlcG9zaXRvcnkxNDkwNDE1Mjg=
MDQ6VXNlcjc3MzU2OQ==,MDEwOlJlcG9zaXRvcnkxMjAwNzE4Mzg=
MDQ6VXNlcjc3MzU2OQ==,MDEwOlJlcG9zaXRvcnk4ODgzNDMwNw==
MDQ6VXNlcjc3MzU2OQ==,MDEwOlJlcG9zaXRvcnkxMTg0NjgxOTc=
MDQ6VXNlcjc3MzU2OQ==,MDEwOlJlcG9zaXRvcnk5MDk1Mzk2Nw==
MDQ6VXNlcjIyNzQ4Ng==,MDEwOlJlcG9zaXRvcnkxODM0NzQ3Ng==
MDQ6VXNlcjIyNzQ4Ng==,MDEwOlJlcG9zaXRvcnk0NTI2MTk2OQ==
MDQ6VXNlcjIyNzQ4Ng==,MDEwOlJlcG9zaXRvcnkzNjQ3MDU5MA==
MDQ6VXNlcjIyNzQ4Ng==,MDEwOlJlcG9zaXRvcnkxMTIzODAzNTg=
MDQ6VXNlcjIyNzQ4Ng==,MDEwOlJlcG9zaXRvcnkxMzQ1MDUzNjE=
MDQ6VXNlcjIyNzQ4Ng==,MDEwOlJlcG9zaXRvcnk2NTI0NTg5MA==
MDQ6VXNlcjIyNzQ4Ng==,MDEwOlJlcG9zaXRvcnk4Njc1NjQ=
MDQ6VXNlcjIyNzQ4Ng==,MDEwOlJlcG9zaXRvcnk2MTcyMjczNg==
MDQ6VXNlcjIyNzQ4Ng==,MDEwOlJlcG9zaXRvcnkxMzk1MDAwMzY=
MDQ6VXNlcjIyNzQ4Ng==,MDEwOlJlcG9zaXRvcnk2NDI5MzcxOQ==
MDQ6VXNlcjIyNzQ4Ng==,MDEwOlJlcG9zaXRvcnkxMDA2MjQ1NTM=
MDQ6VXNlcjIyNzQ4Ng==,MDEwOlJlcG9zaXRvcnkxMTQxOTkzMzE=
MDQ6VXNlcjIyNzQ4Ng==,MDEwOlJlcG9zaXRvcnkxMzIxMDQyOTY=
MDQ6VXNlcjIyNzQ4Ng==,MDEwOlJlcG9zaXRvcnkzNDY4NTgwMA==
MDQ6VXNlcjIyNzQ4Ng==,MDEwOlJlcG9zaXRvcnk5NDEyNjQzMA==
MDQ6VXNlcjIyNzQ4Ng==,MDEwOlJlcG9zaXRvcnkyOTA5NzIz
MDQ6VXNlcjIyNzQ4Ng==,MDEwOlJlcG9zaXRvcnkxMzY3NjEzMjg=
MDQ6VXNlcjIyNzQ4Ng==,MDEwOlJlcG9zaXRvcnkxNDY2OTMwMjE=
MDQ6VXNlcjIyNzQ4Ng==,MDEwOlJlcG9zaXRvcnkxMzY2MTM2Nzk=
MDQ6VXNlcjIyNzQ4Ng==,MDEwOlJlcG9zaXRvcnkxNTIwNTIyNzk=
MDQ6VXNlcjQ3MjMxMQ==,MDEwOlJlcG9zaXRvcnkxMzA2NDY4OTI=
MDQ6VXNlcjQ3MjMxMQ==,MDEwOlJlcG9zaXRvcnkzMTkwNDI2OA==
MDQ6VXNlcjQ3MjMxMQ==,MDEwOlJlcG9zaXRvcnk1NDU3NjMzMA==
MDQ6VXNlcjQ3MjMxMQ==,MDEwOlJlcG9zaXRvcnk0MjM5NTczMw==
MDQ6VXNlcjQ3MjMxMQ==,MDEwOlJlcG9zaXRvcnk3OTM1MDY0NQ==
MDQ6VXNlcjQ3MjMxMQ==,MDEwOlJlcG9zaXRvcnkyMjgwNDE4MA==
MDQ6VXNlcjQ3MjMxMQ==,MDEwOlJlcG9zaXRvcnk0ODE3NDc2MA==
MDQ6VXNlcjQ3MjMxMQ==,MDEwOlJlcG9zaXRvcnk1NzA0NzEyOA==
MDQ6VXNlcjQ3MjMxMQ==,MDEwOlJlcG9zaXRvcnkzNzA3MDAzOQ==
MDQ6VXNlcjQ3MjMxMQ==,MDEwOlJlcG9zaXRvcnk1NTgzMDcwMQ==
MDQ6VXNlcjQ3MjMxMQ==,MDEwOlJlcG9zaXRvcnkxMjc1OTI3MDE=
MDQ6VXNlcjQ3MjMxMQ==,MDEwOlJlcG9zaXRvcnkxMDg3MTQxNjA=
MDQ6VXNlcjQ3MjMxMQ==,MDEwOlJlcG9zaXRvcnkxMjQzNTI0MjY=
MDQ6VXNlcjQ3MjMxMQ==,MDEwOlJlcG9zaXRvcnk0NzAyMzgyNQ==
MDQ6VXNlcjQ3MjMxMQ==,MDEwOlJlcG9zaXRvcnk3MDMzNDc2MA==
MDQ6VXNlcjQ3MjMxMQ==,MDEwOlJlcG9zaXRvcnk3NDQyODgzMA==
MDQ6VXNlcjQ3MjMxMQ==,MDEwOlJlcG9zaXRvcnkxNDExNDYxOTY=
MDQ6VXNlcjQ3MjMxMQ==,MDEwOlJlcG9zaXRvcnk3OTIzMzUzNw==
MDQ6VXNlcjQ3MjMxMQ==,MDEwOlJlcG9zaXRvcnkxMjk1NzM4MjE=
MDQ6VXNlcjQ3MjMxMQ==,MDEwOlJlcG9zaXRvcnkxMTU1MjUzNDI=
MDQ6VXNlcjEyNjMx,MDEwOlJlcG9zaXRvcnk1OTcwMDIwNw==
MDQ6VXNlcjEyNjMx,MDEwOlJlcG9zaXRvcnkyNTg5NDc0Nw==
MDQ6VXNlcjEyNjMx,MDEwOlJlcG9zaXRvcnk0NjQ0NTc2NA==
MDQ6VXNlcjEyNjMx,MDEwOlJlcG9zaXRvcnk0ODMzNTk4NQ==
MDQ6VXNlcjEyNjMx,MDEwOlJlcG9zaXRvcnkyOTk4NjI2Mw==
MDQ6VXNlcjEyNjMx,MDEwOlJlcG9zaXRvcnkxODcxNTA1Nw==
MDQ6VXNlcjEyNjMx,MDEwOlJlcG9zaXRvcnkxMzI5NTg2MjY=
MDQ6VXNlcjEyNjMx,MDEwOlJlcG9zaXRvcnk5MDA0MzMzNQ==
MDQ6VXNlcjEyNjMx,MDEwOlJlcG9zaXRvcnkxMjcyNzM4MzA=
MDQ6VXNlcjEyNjMx,MDEwOlJlcG9zaXRvcnkxMzQ3NzU3Nzk=
MDQ6VXNlcjEyNjMx,MDEwOlJlcG9zaXRvcnk0ODg0MzMwNw==
MDQ6VXNlcjEyNjMx,MDEwOlJlcG9zaXRvcnkxMjE4MzAyNTQ=
MDQ6VXNlcjEyNjMx,MDEwOlJlcG9zaXRvcnkxNDU0NTI5ODQ=
MDQ6VXNlcjEyNjMx,MDEwOlJlcG9zaXRvcnkxMDY1MzM2OTY=
MDQ6VXNlcjEyNjMx,MDEwOlJlcG9zaXRvcnkxMTcxODM0MTA=
MDQ6VXNlcjEyNjMx,MDEwOlJlcG9zaXRvcnkxMzI5NzEzNzU=
MDQ6VXNlcjEyNjMx,MDEwOlJlcG9zaXRvcnkxNDk2Nzk5NTg=
MDQ6VXNlcjEyNjMx,MDEwOlJlcG9zaXRvcnkxMjYyNjA5NzM=
MDQ6VXNlcjEyNjMx,MDEwOlJlcG9zaXRvcnkxMjI1MjU0OTg=
MDQ6VXNlcjEyNjMx,MDEwOlJlcG9zaXRvcnkxMjU4NTAyMDg=
MDQ6VXNlcjI3NDE=,MDEwOlJlcG9zaXRvcnk4NTE0
MDQ6VXNlcjI3NDE=,MDEwOlJlcG9zaXRvcnk1MDgwNzU0Nw==
MDQ6VXNlcjI3NDE=,MDEwOlJlcG9zaXRvcnk3NjY5NDUxNQ==
MDQ6VXNlcjI3NDE=,MDEwOlJlcG9zaXRvcnk5MDA0MjE5Ng==
MDQ6VXNlcjI3NDE=,MDEwOlJlcG9zaXRvcnk3NTc4NTE0Nw==
MDQ6VXNlcjI3NDE=,MDEwOlJlcG9zaXRvcnkxNDcwMzQ5NjU=
MDQ6VXNlcjI3NDE=,MDEwOlJlcG9zaXRvcnkxMjA2NTYwMjc=
MDQ6VXNlcjI3NDE=,MDEwOlJlcG9zaXRvcnk5MjgzNzQ2MQ==
MDQ6VXNlcjI3NDE=,MDEwOlJlcG9zaXRvcnkxNDkyMDEwMzY=
MDQ6VXNlcjI3NDE=,MDEwOlJlcG9zaXRvcnkzNjI2MzMw
MDQ6VXNlcjI3NDE=,MDEwOlJlcG9zaXRvcnk0OTk1MDk3Nw==
MDQ6VXNlcjI3NDE=,MDEwOlJlcG9zaXRvcnkxNDc0MzI3MDg=
MDQ6VXNlcjE3NjAxMw==,MDEwOlJlcG9zaXRvcnk3MDEwNzc4Ng==
MDQ6VXNlcjE3NjAxMw==,MDEwOlJlcG9zaXRvcnk1MTI3MDczOQ==
MDQ6VXNlcjE3NjAxMw==,MDEwOlJlcG9zaXRvcnk1MjYzMDYxNg==
MDQ6VXNlcjE3NjAxMw==,MDEwOlJlcG9zaXRvcnk3NTg2NzcyMA==
MDQ6VXNlcjE3NjAxMw==,MDEwOlJlcG9zaXRvcnkxMTExNDg5MTE=
MDQ6VXNlcjE3NjAxMw==,MDEwOlJlcG9zaXRvcnk0NTI3MzU2Ng==
MDQ6VXNlcjE3NjAxMw==,MDEwOlJlcG9zaXRvcnk3NDQzMjI3
MDQ6VXNlcjE3NjAxMw==,MDEwOlJlcG9zaXRvcnk2MzE4NzQwMA==
MDQ6VXNlcjE3NjAxMw==,MDEwOlJlcG9zaXRvcnk5OTc1NDk1NA==
MDQ6VXNlcjE3NjAxMw==,MDEwOlJlcG9zaXRvcnk1ODY0ODgyNw==
MDQ6VXNlcjE3NjAxMw==,MDEwOlJlcG9zaXRvcnkxMTMyMzc2OTk=
MDQ6VXNlcjE3NjAxMw==,MDEwOlJlcG9zaXRvcnkxOTE2MDY5Nw==
MDQ6VXNlcjE3NjAxMw==,MDEwOlJlcG9zaXRvcnkxNzM0OTI3Mw==
MDQ6VXNlcjE3NjAxMw==,MDEwOlJlcG9zaXRvcnkzOTQ3NjA0Mw==
MDQ6VXNlcjE3NjAxMw==,MDEwOlJlcG9zaXRvcnk5MDE0NzY2Nw==
MDQ6VXNlcjE3NjAxMw==,MDEwOlJlcG9zaXRvcnk3NTg4MjM3OQ==
MDQ6VXNlcjE3NjAxMw==,MDEwOlJlcG9zaXRvcnk5NjI2Njc5Mg==
MDQ6VXNlcjE3NjAxMw==,MDEwOlJlcG9zaXRvcnkxMDk0MDQ2ODI=
MDQ6VXNlcjE3NjAxMw==,MDEwOlJlcG9zaXRvcnkxMTY4NDY4NDk=
MDQ6VXNlcjE3NjAxMw==,MDEwOlJlcG9zaXRvcnkxMjA0NzA0OTM=
MDQ6VXNlcjczOTY=,MDEwOlJlcG9zaXRvcnk1OTY4OTI=
MDQ6VXNlcjczOTY=,MDEwOlJlcG9zaXRvcnk3MjQ3MTI=
MDQ6VXNlcjczOTY=,MDEwOlJlcG9zaXRvcnk4NzMzMjg=
MDQ6VXNlcjczOTY=,MDEwOlJlcG9zaXRvcnkxOTEwMzY5Mg==
MDQ6VXNlcjczOTY=,MDEwOlJlcG9zaXRvcnk5OTQ1NTE=
MDQ6VXNlcjczOTY=,MDEwOlJlcG9zaXRvcnk5OTczMzg=
MDQ6VXNlcjczOTY=,MDEwOlJlcG9zaXRvcnkzMzI4NTcy
MDQ6VXNlcjczOTY=,MDEwOlJlcG9zaXRvcnkxMDUzNzk1Njk=
MDQ6VXNlcjczOTY=,MDEwOlJlcG9zaXRvcnk1NTA3NzI2MQ==
MDQ6VXNlcjczOTY=,MDEwOlJlcG9zaXRvcnkzMTgzMDU1MQ==
MDQ6VXNlcjczOTY=,MDEwOlJlcG9zaXRvcnkxNDM2NzczNw==
MDQ6VXNlcjczOTY=,MDEwOlJlcG9zaXRvcnkxOTQ1MDM0
MDQ6VXNlcjczOTY=,MDEwOlJlcG9zaXRvcnkyNTI3ODI4
MDQ6VXNlcjczOTY=,MDEwOlJlcG9zaXRvcnkxMDg0NzUxNzc=
MDQ6VXNlcjczOTY=,MDEwOlJlcG9zaXRvcnk2MjYwOTIzOQ==
MDQ6VXNlcjczOTY=,MDEwOlJlcG9zaXRvcnkxMDQ3OTk0MTM=
MDQ6VXNlcjczOTY=,MDEwOlJlcG9zaXRvcnkzMjQ0OTMx
MDQ6VXNlcjczOTY=,MDEwOlJlcG9zaXRvcnkxNTUxMDY3Nw==
MDQ6VXNlcjczOTY=,MDEwOlJlcG9zaXRvcnk4OTE0NTU2Ng==
MDQ6VXNlcjczOTY=,MDEwOlJlcG9zaXRvcnkxODIxMDIwMQ==
MDQ6VXNlcjcw,MDEwOlJlcG9zaXRvcnk0OTY0MTg=
MDQ6VXNlcjcw,MDEwOlJlcG9zaXRvcnkxMTY1MDkyOTA=
MDQ6VXNlcjcw,MDEwOlJlcG9zaXRvcnkxMTY0NDA0NTM=
MDQ6VXNlcjEwMTk4NzU=,MDEwOlJlcG9zaXRvcnk0NDgzODk0OQ==
MDQ6VXNlcjEwMTk4NzU=,MDEwOlJlcG9zaXRvcnkyNzQ0Mjk2Nw==
MDQ6VXNlcjEwMTk4NzU=,MDEwOlJlcG9zaXRvcnkzMzQ4NjAxNg==
MDQ6VXNlcjEwMTk4NzU=,MDEwOlJlcG9zaXRvcnkxMjgyMzcxNDY=
MDQ6VXNlcjEwMTk4NzU=,MDEwOlJlcG9zaXRvcnkyMzY1NTQ5
MDQ6VXNlcjEwMTk4NzU=,MDEwOlJlcG9zaXRvcnk5MjQzNDAy
MDQ6VXNlcjEwMTk4NzU=,MDEwOlJlcG9zaXRvcnk4NDE0NDE2Nw==
MDQ6VXNlcjEwMTk4NzU=,MDEwOlJlcG9zaXRvcnk0MTgwMTA1Nw==
MDQ6VXNlcjEwMTk4NzU=,MDEwOlJlcG9zaXRvcnk5NTg2MjUzNQ==
MDQ6VXNlcjEwMTk4NzU=,MDEwOlJlcG9zaXRvcnk0ODQ2MDgyMA==
MDQ6VXNlcjEwMTk4NzU=,MDEwOlJlcG9zaXRvcnkxNTQ0MzM3Mjk=
MDQ6VXNlcjEwMTk4NzU=,MDEwOlJlcG9zaXRvcnk1MTcwMTY0Mg==
MDQ6VXNlcjEwMTk4NzU=,MDEwOlJlcG9zaXRvcnk3ODU3NDYxNA==
MDQ6VXNlcjEwMTk4NzU=,MDEwOlJlcG9zaXRvcnk1MjU4MjY2NQ==
MDQ6VXNlcjEwMTk4NzU=,MDEwOlJlcG9zaXRvcnk1NjIzNzYxMg==
MDQ6VXNlcjEwMTk4NzU=,MDEwOlJlcG9zaXRvcnk5MjczMjQxNQ==
MDQ6VXNlcjEwMTk4NzU=,MDEwOlJlcG9zaXRvcnkxMjUzMDkxODY=
MDQ6VXNlcjEwMTk4NzU=,MDEwOlJlcG9zaXRvcnk5OTY5NjU1OQ==
MDQ6VXNlcjEwMTk4NzU=,MDEwOlJlcG9zaXRvcnk3OTc3NDk3Mw==
MDQ6VXNlcjEwMTk4NzU=,MDEwOlJlcG9zaXRvcnkxMzI5Nzc4NjQ=
MDQ6VXNlcjQ3MzI=,MDEwOlJlcG9zaXRvcnk5NTIxODk=
MDQ6VXNlcjQ3MzI=,MDEwOlJlcG9zaXRvcnkzNDkyNDE=
MDQ6VXNlcjQ3MzI=,MDEwOlJlcG9zaXRvcnk0NDEyNjk=
MDQ6VXNlcjQ3MzI=,MDEwOlJlcG9zaXRvcnk1NDA1NDI=
MDQ6VXNlcjQ3MzI=,MDEwOlJlcG9zaXRvcnkxMTg2NDkzMzU=
MDQ6VXNlcjQ3MzI=,MDEwOlJlcG9zaXRvcnk5MDA1MTQxNA==
MDQ6VXNlcjQ3MzI=,MDEwOlJlcG9zaXRvcnkxOTcxODY5Mg==
MDQ6VXNlcjQ3MzI=,MDEwOlJlcG9zaXRvcnkxMDAzODg2OTA=
MDQ6VXNlcjQ3MzI=,MDEwOlJlcG9zaXRvcnk5MDI5NzY1NQ==
MDQ6VXNlcjQ3MzI=,MDEwOlJlcG9zaXRvcnkxMzE5MDkyNTk=
MDQ6VXNlcjQ3MzI=,MDEwOlJlcG9zaXRvcnkxMTU2NjQyMjM=
MDQ6VXNlcjQ3MzI=,MDEwOlJlcG9zaXRvcnk5NDkxODIyOA==
MDQ6VXNlcjQ3MzI=,MDEwOlJlcG9zaXRvcnkxNTE0ODk0Mjc=
MDQ6VXNlcjQ3MzI=,MDEwOlJlcG9zaXRvcnkxMzM5Nzk2NTg=
MDQ6VXNlcjk3MDg4,MDEwOlJlcG9zaXRvcnk1NzYyMDE=
MDQ6VXNlcjk3MDg4,MDEwOlJlcG9zaXRvcnkyMzA0NDYxNw==
MDQ6VXNlcjk3MDg4,MDEwOlJlcG9zaXRvcnk2MDA2Mzc=
MDQ6VXNlcjk3MDg4,MDEwOlJlcG9zaXRvcnkxMDE3NzAxMTk=
MDQ6VXNlcjk3MDg4,MDEwOlJlcG9zaXRvcnk2ODY1Mjg5
MDQ6VXNlcjk3MDg4,MDEwOlJlcG9zaXRvcnkxNTM2NTE0NzY=
MDQ6VXNlcjk3MDg4,MDEwOlJlcG9zaXRvcnk4OTc3MDUwNw==
MDQ6VXNlcjk3MDg4,MDEwOlJlcG9zaXRvcnk2MjI3MDM2Nw==
MDQ6VXNlcjk3MDg4,MDEwOlJlcG9zaXRvcnk5Mzc5NTIyNw==
MDQ6VXNlcjk3MDg4,MDEwOlJlcG9zaXRvcnk5OTE2MjgwOA==
MDQ6VXNlcjk3MDg4,MDEwOlJlcG9zaXRvcnk4MjEyODU4Mg==
MDQ6VXNlcjk3MDg4,MDEwOlJlcG9zaXRvcnkxMjkxNDg3NDk=
MDQ6VXNlcjk3MDg4,MDEwOlJlcG9zaXRvcnkxMDkyNzA5NDg=
MDQ6VXNlcjk3MDg4,MDEwOlJlcG9zaXRvcnkxMjY3NTA4NDk=
MDQ6VXNlcjk3MDg4,MDEwOlJlcG9zaXRvcnkxMTk3NjkwNDU=
MDQ6VXNlcjk3MDg4,MDEwOlJlcG9zaXRvcnkzOTU5OTI1NQ==
MDQ6VXNlcjE3NTgzNg==,MDEwOlJlcG9zaXRvcnkzMjI4NTA1
MDQ6VXNlcjE3NTgzNg==,MDEwOlJlcG9zaXRvcnkzMDk4Nzc1Ng==
MDQ6VXNlcjE3NTgzNg==,MDEwOlJlcG9zaXRvcnk0OTc5NDY3
MDQ6VXNlcjE3NTgzNg==,MDEwOlJlcG9zaXRvcnkxMTk2OTUwNw==
MDQ6VXNlcjE3NTgzNg==,MDEwOlJlcG9zaXRvcnk0MDk3NTUzNQ==
MDQ6VXNlcjE3NTgzNg==,MDEwOlJlcG9zaXRvcnk0MjQyODczMA==
MDQ6VXNlcjE3NTgzNg==,MDEwOlJlcG9zaXRvcnkzNjE4MTMz
MDQ6VXNlcjE3NTgzNg==,MDEwOlJlcG9zaXRvcnkxMDMzMzM5
MDQ6VXNlcjE3NTgzNg==,MDEwOlJlcG9zaXRvcnkyODYxODE5Ng==
MDQ6VXNlcjE3NTgzNg==,MDEwOlJlcG9zaXRvcnk5MjUyMjY4
MDQ6VXNlcjE3NTgzNg==,MDEwOlJlcG9zaXRvcnk2MjA2Mzcz
MDQ6VXNlcjE3NTgzNg==,MDEwOlJlcG9zaXRvcnkxNjYzNjkwOA==
MDQ6VXNlcjE3NTgzNg==,MDEwOlJlcG9zaXRvcnkzOTY4NjMxMQ==
MDQ6VXNlcjE3NTgzNg==,MDEwOlJlcG9zaXRvcnkxOTE3ODc5
MDQ6VXNlcjE3NTgzNg==,MDEwOlJlcG9zaXRvcnk4NjQwOTQwNA==
MDQ6VXNlcjE3NTgzNg==,MDEwOlJlcG9zaXRvcnkyOTQyODQz
MDQ6VXNlcjE3NTgzNg==,MDEwOlJlcG9zaXRvcnkxMDU5MTMyMA==
MDQ6VXNlcjE3NTgzNg==,MDEwOlJlcG9zaXRvcnk0OTI5NDE4
MDQ6VXNlcjE3NTgzNg==,MDEwOlJlcG9zaXRvcnkxMzc5MjgzNjE=
MDQ6VXNlcjE3NTgzNg==,MDEwOlJlcG9zaXRvcnkzNzY0NDE5NA==
MDQ6VXNlcjIzMzkwNw==,MDEwOlJlcG9zaXRvcnk1MjcxODgy
MDQ6VXNlcjIzMzkwNw==,MDEwOlJlcG9zaXRvcnkzNTc3OTE5
MDQ6VXNlcjIzMzkwNw==,MDEwOlJlcG9zaXRvcnkxNDE5MDMxNjQ=
MDQ6VXNlcjIzMzkwNw==,MDEwOlJlcG9zaXRvcnk1NjQ3NDUzNQ==
MDQ6VXNlcjIzMzkwNw==,MDEwOlJlcG9zaXRvcnkzMzU0MTM4NQ==
MDQ6VXNlcjIzMzkwNw==,MDEwOlJlcG9zaXRvcnkxMjM4NzEzNTI=
MDQ6VXNlcjIzMzkwNw==,MDEwOlJlcG9zaXRvcnkxNDAwMzA3MQ==
MDQ6VXNlcjIzMzkwNw==,MDEwOlJlcG9zaXRvcnkxNDcwMjE4MQ==
MDQ6VXNlcjIzMzkwNw==,MDEwOlJlcG9zaXRvcnkxMTcyMDgxOQ==
MDQ6VXNlcjIzMzkwNw==,MDEwOlJlcG9zaXRvcnkxMTU4NDQxMjk=
MDQ6VXNlcjIzMzkwNw==,MDEwOlJlcG9zaXRvcnkxMTcxNDY2Mg==
MDQ6VXNlcjIzMzkwNw==,MDEwOlJlcG9zaXRvcnkxNDI4MzAyMDI=
MDQ6VXNlcjIzMzkwNw==,MDEwOlJlcG9zaXRvcnk0OTE0MDgyMg==
MDQ6VXNlcjIzMzkwNw==,MDEwOlJlcG9zaXRvcnkxNTM4OTM5MA==
MDQ6VXNlcjIzMzkwNw==,MDEwOlJlcG9zaXRvcnkxNDIwMzIxOTQ=
MDQ6VXNlcjIzMzkwNw==,MDEwOlJlcG9zaXRvcnk3MTA1OTMwMQ==
MDQ6VXNlcjg0MzY5NjM=,MDEwOlJlcG9zaXRvcnkxNTUxNjcxMTM=
MDQ6VXNlcjg0MzY5NjM=,MDEwOlJlcG9zaXRvcnkxNTUxNDgwNjA=
MDQ6VXNlcjEyMDI1Mjg=,MDEwOlJlcG9zaXRvcnk0MTg4MTkwMA==
MDQ6VXNlcjEyMDI1Mjg=,MDEwOlJlcG9zaXRvcnkyNDE5NTMzOQ==
MDQ6VXNlcjEyMDI1Mjg=,MDEwOlJlcG9zaXRvcnkzNjg5MTg2Nw==
MDQ6VXNlcjEyMDI1Mjg=,MDEwOlJlcG9zaXRvcnk0ODYyNjMzNQ==
MDQ6VXNlcjEyMDI1Mjg=,MDEwOlJlcG9zaXRvcnk0OTAxNjMyMg==
MDQ6VXNlcjEyMDI1Mjg=,MDEwOlJlcG9zaXRvcnk5NDQ4NTA1Ng==
MDQ6VXNlcjEyMDI1Mjg=,MDEwOlJlcG9zaXRvcnkxMjA5NjU3MTU=
MDQ6VXNlcjEyMDI1Mjg=,MDEwOlJlcG9zaXRvcnk3MjY4NTAyNg==
MDQ6VXNlcjEyMDI1Mjg=,MDEwOlJlcG9zaXRvcnk0MTQ0MzUzOQ==
MDQ6VXNlcjEyMDI1Mjg=,MDEwOlJlcG9zaXRvcnk0NDQ3ODYwNA==
MDQ6VXNlcjEyMDI1Mjg=,MDEwOlJlcG9zaXRvcnkxMDM1NTQ3NTg=
MDQ6VXNlcjEyMDI1Mjg=,MDEwOlJlcG9zaXRvcnkxMzM3NjE0NzA=
MDQ6VXNlcjEyMDI1Mjg=,MDEwOlJlcG9zaXRvcnk0MTczNjEzOA==
MDQ6VXNlcjEyMDI1Mjg=,MDEwOlJlcG9zaXRvcnkxMTIxMTQxMTQ=
MDQ6VXNlcjEyMDI1Mjg=,MDEwOlJlcG9zaXRvcnkxMzc4MTEyMTk=
MDQ6VXNlcjEyMDI1Mjg=,MDEwOlJlcG9zaXRvcnk0NjA5ODgzMA==
MDQ6VXNlcjEyMDI1Mjg=,MDEwOlJlcG9zaXRvcnk5OTgzMDI0MQ==
MDQ6VXNlcjEyMDI1Mjg=,MDEwOlJlcG9zaXRvcnk0NDQxNTQ2OQ==
MDQ6VXNlcjEyMDI1Mjg=,MDEwOlJlcG9zaXRvcnkxMzgyOTEwMzA=
MDQ6VXNlcjEyMDI1Mjg=,MDEwOlJlcG9zaXRvcnkxMjQ2NTY5MTI=
MDQ6VXNlcjEwNzA0NTIx,MDEwOlJlcG9zaXRvcnk0NjQ2MTA3MA==
MDQ6VXNlcjEwNzA0NTIx,MDEwOlJlcG9zaXRvcnk0MTUzOTA1MQ==
MDQ6VXNlcjEwNzA0NTIx,MDEwOlJlcG9zaXRvcnkxMjQ1MDMxOTY=
MDQ6VXNlcjEwNzA0NTIx,MDEwOlJlcG9zaXRvcnk1ODEwNDcxNw==
MDQ6VXNlcjEwNzA0NTIx,MDEwOlJlcG9zaXRvcnk0MjA0NTM0MA==
MDQ6VXNlcjEwNzA0NTIx,MDEwOlJlcG9zaXRvcnkxMjYzNzc5NTg=
MDQ6VXNlcjEwNzA0NTIx,MDEwOlJlcG9zaXRvcnkxMjYxOTcwNzM=
MDQ6VXNlcjEwNzA0NTIx,MDEwOlJlcG9zaXRvcnkxMTc2OTM4NDM=
MDQ6VXNlcjEwNzA0NTIx,MDEwOlJlcG9zaXRvcnkxMjE1OTE1NDc=
MDQ6VXNlcjEwNzA0NTIx,MDEwOlJlcG9zaXRvcnkxMTg0NjQ1NDA=
MDQ6VXNlcjEwNzA0NTIx,MDEwOlJlcG9zaXRvcnkxMTc2NDE2NjY=
MDQ6VXNlcjEwNzA0NTIx,MDEwOlJlcG9zaXRvcnkxMTY1MzcwMTg=
MDQ6VXNlcjEwNzA0NTIx,MDEwOlJlcG9zaXRvcnkxMTkyNjQ0ODI=
MDQ6VXNlcjEwNzA0NTIx,MDEwOlJlcG9zaXRvcnkxMTkyMzM2NzM=
MDQ6VXNlcjEwNzA0NTIx,MDEwOlJlcG9zaXRvcnkxMTkyNjYwNzE=
MDQ6VXNlcjEwNzA0NTIx,MDEwOlJlcG9zaXRvcnkxMTYzMzQ4MTk=
MDQ6VXNlcjEwNzA0NTIx,MDEwOlJlcG9zaXRvcnkxMTU5MTI2NDA=
MDQ6VXNlcjEwNzA0NTIx,MDEwOlJlcG9zaXRvcnkxMTkyNjM0Mzk=
MDQ6VXNlcjEwNzA0NTIx,MDEwOlJlcG9zaXRvcnkxMTkyNjM2Mjc=
MDQ6VXNlcjEwNzA0NTIx,MDEwOlJlcG9zaXRvcnkxMjI0MzAwMTc=
MDQ6VXNlcjY1NjMy,MDEwOlJlcG9zaXRvcnkxNTYwMTg=
MDQ6VXNlcjY1NjMy,MDEwOlJlcG9zaXRvcnkzNDY3Njc3Mw==
MDQ6VXNlcjY1NjMy,MDEwOlJlcG9zaXRvcnkxMzMxMDUyNw==
MDQ6VXNlcjY1NjMy,MDEwOlJlcG9zaXRvcnkxNjU4MjQ2Mw==
MDQ6VXNlcjY1NjMy,MDEwOlJlcG9zaXRvcnk2OTM5Mzg0Mw==
MDQ6VXNlcjY1NjMy,MDEwOlJlcG9zaXRvcnk1NzE5Mjk=
MDQ6VXNlcjY1NjMy,MDEwOlJlcG9zaXRvcnk5MTU4NDQ=
MDQ6VXNlcjY1NjMy,MDEwOlJlcG9zaXRvcnk5MTU4NTI=
MDQ6VXNlcjY1NjMy,MDEwOlJlcG9zaXRvcnk4MzU1MjAxMg==
MDQ6VXNlcjY1NjMy,MDEwOlJlcG9zaXRvcnkzNDg2NDY1
MDQ6VXNlcjY1NjMy,MDEwOlJlcG9zaXRvcnkxNDI2NzIz
MDQ6VXNlcjY1NjMy,MDEwOlJlcG9zaXRvcnkxNTYyMDQ1NzI=
MDQ6VXNlcjY1NjMy,MDEwOlJlcG9zaXRvcnkxNDE2NjQyOA==
MDQ6VXNlcjY1NjMy,MDEwOlJlcG9zaXRvcnkxMzU3MzAxODk=
MDQ6VXNlcjY1NjMy,MDEwOlJlcG9zaXRvcnkxMzgxODk2Njc=
MDQ6VXNlcjM1OTM5NQ==,MDEwOlJlcG9zaXRvcnkxNDA5ODA2OQ==
MDQ6VXNlcjM1OTM5NQ==,MDEwOlJlcG9zaXRvcnkxMzM0NDIzODQ=
MDQ6VXNlcjM1OTM5NQ==,MDEwOlJlcG9zaXRvcnk2ODk1NzkyMA==
MDQ6VXNlcjM1OTM5NQ==,MDEwOlJlcG9zaXRvcnk2MDkzMzE2
MDQ6VXNlcjM1OTM5NQ==,MDEwOlJlcG9zaXRvcnkxNDc5NDMxMDc=
MDQ6VXNlcjM1OTM5NQ==,MDEwOlJlcG9zaXRvcnkxNTMyMDg4ODM=
MDQ6VXNlcjM1OTM5NQ==,MDEwOlJlcG9zaXRvcnk5NjE2NzE4Mw==
MDQ6VXNlcjM1OTM5NQ==,MDEwOlJlcG9zaXRvcnkyODQ1MDU4Mw==
MDQ6VXNlcjM1OTM5NQ==,MDEwOlJlcG9zaXRvcnkzNzcxNzQ3NA==
MDQ6VXNlcjM1OTM5NQ==,MDEwOlJlcG9zaXRvcnk4NTU0Mjg2NA==
MDQ6VXNlcjM1OTM5NQ==,MDEwOlJlcG9zaXRvcnkxNDMyNDUwNA==
MDQ6VXNlcjM1OTM5NQ==,MDEwOlJlcG9zaXRvcnkzNTAxMTM2
MDQ6VXNlcjM1OTM5NQ==,MDEwOlJlcG9zaXRvcnkxMDU2NDkxMQ==
MDQ6VXNlcjM1OTM5NQ==,MDEwOlJlcG9zaXRvcnkxNTU2ODUzMjg=
MDQ6VXNlcjM1OTM5NQ==,MDEwOlJlcG9zaXRvcnkxNDkzMzQzMTQ=
MDQ6VXNlcjM1OTM5NQ==,MDEwOlJlcG9zaXRvcnkxMjE0ODU5NjE=
MDQ6VXNlcjM1OTM5NQ==,MDEwOlJlcG9zaXRvcnkxNjE0NzA3OTE=
MDQ6VXNlcjM1OTM5NQ==,MDEwOlJlcG9zaXRvcnkxNDczNjkyNzY=
MDQ6VXNlcjM1OTM5NQ==,MDEwOlJlcG9zaXRvcnkxMDk3MDE4MTk=
MDQ6VXNlcjM1OTM5NQ==,MDEwOlJlcG9zaXRvcnkxMDA2MDg3Mjg=
MDQ6VXNlcjE4MzIyMw==,MDEwOlJlcG9zaXRvcnk3Njk5MTYzMw==
MDQ6VXNlcjE4MzIyMw==,MDEwOlJlcG9zaXRvcnkyMTMzOTE2NQ==
MDQ6VXNlcjE4MzIyMw==,MDEwOlJlcG9zaXRvcnkxNzE4MzM2OQ==
MDQ6VXNlcjE4MzIyMw==,MDEwOlJlcG9zaXRvcnkyNDc0OTQ2Mw==
MDQ6VXNlcjE4MzIyMw==,MDEwOlJlcG9zaXRvcnk4NTA5Nzg4Ng==
MDQ6VXNlcjE4MzIyMw==,MDEwOlJlcG9zaXRvcnkxMTYxNTA5ODI=
MDQ6VXNlcjE4MzIyMw==,MDEwOlJlcG9zaXRvcnkxMjU1NzIwODU=
MDQ6VXNlcjE4MzIyMw==,MDEwOlJlcG9zaXRvcnk2MjQxODc0MA==
MDQ6VXNlcjE4MzIyMw==,MDEwOlJlcG9zaXRvcnkxMzM4NTMwMzM=
MDQ6VXNlcjE4MzIyMw==,MDEwOlJlcG9zaXRvcnkxMzAxMDE4NTQ=
MDQ6VXNlcjE4MzIyMw==,MDEwOlJlcG9zaXRvcnkxMzI2NTE5NDU=
MDQ6VXNlcjE4MzIyMw==,MDEwOlJlcG9zaXRvcnkxMzgwNTMwMzA=
MDQ6VXNlcjE4MzIyMw==,MDEwOlJlcG9zaXRvcnkxMjIyNTUyNDk=
MDQ6VXNlcjE4MzIyMw==,MDEwOlJlcG9zaXRvcnkxNjE4MzM0NzY=
MDQ6VXNlcjM3OA==,MDEwOlJlcG9zaXRvcnkxMTA3NTUyNw==
MDQ6VXNlcjM3OA==,MDEwOlJlcG9zaXRvcnk0MzQ0MzA=
MDQ6VXNlcjM3OA==,MDEwOlJlcG9zaXRvcnkzMzE2MDM=
MDQ6VXNlcjM3OA==,MDEwOlJlcG9zaXRvcnk1MTQ4MA==
MDQ6VXNlcjM3OA==,MDEwOlJlcG9zaXRvcnk2MTAzMg==
MDQ6VXNlcjM3OA==,MDEwOlJlcG9zaXRvcnk3NDY5ODAw
MDQ6VXNlcjM3OA==,MDEwOlJlcG9zaXRvcnkyMjM4MDM1
MDQ6VXNlcjM3OA==,MDEwOlJlcG9zaXRvcnkxNDQwOTk=
MDQ6VXNlcjM3OA==,MDEwOlJlcG9zaXRvcnk5MTU4MTAx
MDQ6VXNlcjM3OA==,MDEwOlJlcG9zaXRvcnkzNDQ2NQ==
MDQ6VXNlcjM3OA==,MDEwOlJlcG9zaXRvcnkxMjQzMzgxMzM=
MDQ6VXNlcjM3OA==,MDEwOlJlcG9zaXRvcnk2OTk0MzU2
MDQ6VXNlcjM3OA==,MDEwOlJlcG9zaXRvcnkzOTM3MA==
MDQ6VXNlcjM3OA==,MDEwOlJlcG9zaXRvcnk0MzQxNDI=
MDQ6VXNlcjM3OA==,MDEwOlJlcG9zaXRvcnkxNTQyMTkzOQ==
MDQ6VXNlcjM3OA==,MDEwOlJlcG9zaXRvcnkzMDUyOTI2
MDQ6VXNlcjM3OA==,MDEwOlJlcG9zaXRvcnk3MzgwMTI2
MDQ6VXNlcjM3OA==,MDEwOlJlcG9zaXRvcnk4Njk2MDgx
MDQ6VXNlcjM3OA==,MDEwOlJlcG9zaXRvcnkyNzAzOQ==
MDQ6VXNlcjM3OA==,MDEwOlJlcG9zaXRvcnkxNzAzNTM2NQ==
MDQ6VXNlcjE5MDg0Ng==,MDEwOlJlcG9zaXRvcnkxMDU3OTM5OA==
MDQ6VXNlcjE5MDg0Ng==,MDEwOlJlcG9zaXRvcnkxMDU0MTE5MTM=
MDQ6VXNlcjE5MDg0Ng==,MDEwOlJlcG9zaXRvcnkxMzQ4MDQ3ODg=
MDQ6VXNlcjE5MDg0Ng==,MDEwOlJlcG9zaXRvcnk4MzQwMjI4MA==
MDQ6VXNlcjE5MDg0Ng==,MDEwOlJlcG9zaXRvcnkzNjQwOTgyNA==
MDQ6VXNlcjE5MDg0Ng==,MDEwOlJlcG9zaXRvcnkyNzc5NDI2
MDQ6VXNlcjE5MDg0Ng==,MDEwOlJlcG9zaXRvcnkxMTM1MjgzODU=
MDQ6VXNlcjE5MDg0Ng==,MDEwOlJlcG9zaXRvcnkxMDE2NTM2NA==
MDQ6VXNlcjE5MDg0Ng==,MDEwOlJlcG9zaXRvcnk4MjAxOTYxNQ==
MDQ6VXNlcjE5MDg0Ng==,MDEwOlJlcG9zaXRvcnkxNDcxNjMyMjg=
MDQ6VXNlcjE5MDg0Ng==,MDEwOlJlcG9zaXRvcnkxMjUyMDQwMDg=
MDQ6VXNlcjE5MDg0Ng==,MDEwOlJlcG9zaXRvcnkxMzk4MTg4MTc=
MDQ6VXNlcjE5MDg0Ng==,MDEwOlJlcG9zaXRvcnkxMzY4OTA1ODg=
MDQ6VXNlcjE5MDg0Ng==,MDEwOlJlcG9zaXRvcnkxNTA1NzYwMTY=
MDQ6VXNlcjE5MDg0Ng==,MDEwOlJlcG9zaXRvcnkxMjAxNjQyNjA=
MDQ6VXNlcjE5MDg0Ng==,MDEwOlJlcG9zaXRvcnkxMTU3NzEzMjE=
MDQ6VXNlcjE5MDg0Ng==,MDEwOlJlcG9zaXRvcnkzODQwOTk2OA==
MDQ6VXNlcjE5MDg0Ng==,MDEwOlJlcG9zaXRvcnkxNDA3MDYwNTY=
MDQ6VXNlcjE5MDg0Ng==,MDEwOlJlcG9zaXRvcnkxNTkzMTQ4MTQ=
MDQ6VXNlcjE5MDg0Ng==,MDEwOlJlcG9zaXRvcnkxMzk4MTU3MjY=
MDQ6VXNlcjM4MjgxMw==,MDEwOlJlcG9zaXRvcnkxOTAzNTIy
MDQ6VXNlcjM4MjgxMw==,MDEwOlJlcG9zaXRvcnk1MTMzOTQ5
MDQ6VXNlcjM4MjgxMw==,MDEwOlJlcG9zaXRvcnkyOTcwOTgy
MDQ6VXNlcjM4MjgxMw==,MDEwOlJlcG9zaXRvcnk0NjcyNjU0
MDQ6VXNlcjM4MjgxMw==,MDEwOlJlcG9zaXRvcnkxMjA0NjMxMg==
MDQ6VXNlcjM4MjgxMw==,MDEwOlJlcG9zaXRvcnk4Nzk1MTUw
MDQ6VXNlcjM4MjgxMw==,MDEwOlJlcG9zaXRvcnkzMjQyNzI4
MDQ6VXNlcjM4MjgxMw==,MDEwOlJlcG9zaXRvcnkzNDI5NDI3
MDQ6VXNlcjM4MjgxMw==,MDEwOlJlcG9zaXRvcnkxMjk0MDQ2MzA=
MDQ6VXNlcjM4MjgxMw==,MDEwOlJlcG9zaXRvcnkyOTcxMDE1
MDQ6VXNlcjM4MjgxMw==,MDEwOlJlcG9zaXRvcnkxNjAyOTA2NTI=
MDQ6VXNlcjE5MTc1OA==,MDEwOlJlcG9zaXRvcnkxMjM4NzAzMTU=
MDQ6VXNlcjE5MTc1OA==,MDEwOlJlcG9zaXRvcnk4NDI0MDQw
MDQ6VXNlcjE5MTc1OA==,MDEwOlJlcG9zaXRvcnkxNzA5ODU4Nw==
MDQ6VXNlcjE5MTc1OA==,MDEwOlJlcG9zaXRvcnk0MTMzNzI0OQ==
MDQ6VXNlcjE5MTc1OA==,MDEwOlJlcG9zaXRvcnkxMDU3MDEzNjA=
MDQ6VXNlcjE5MTc1OA==,MDEwOlJlcG9zaXRvcnk2NTEyMDI3
MDQ6VXNlcjE5MTc1OA==,MDEwOlJlcG9zaXRvcnkyMDc3NTE5Nw==
MDQ6VXNlcjE5MTc1OA==,MDEwOlJlcG9zaXRvcnk4MjQwMTY0NA==
MDQ6VXNlcjE5MTc1OA==,MDEwOlJlcG9zaXRvcnkxNjEwODA3NQ==
MDQ6VXNlcjE5MTc1OA==,MDEwOlJlcG9zaXRvcnk1MzM2NDAwNw==
MDQ6VXNlcjE5MTc1OA==,MDEwOlJlcG9zaXRvcnk1Nzk0MDQ4Nw==
MDQ6VXNlcjE5MTc1OA==,MDEwOlJlcG9zaXRvcnk3NDY5MTc1
MDQ6VXNlcjE5MTc1OA==,MDEwOlJlcG9zaXRvcnk2MTcyOTcwMg==
MDQ6VXNlcjE5MTc1OA==,MDEwOlJlcG9zaXRvcnk2NjM5NjMzMg==
MDQ6VXNlcjE5MTc1OA==,MDEwOlJlcG9zaXRvcnkyMDY2NTM0OQ==
MDQ6VXNlcjE5MTc1OA==,MDEwOlJlcG9zaXRvcnk4NzU5MjEzNg==
MDQ6VXNlcjE5MTc1OA==,MDEwOlJlcG9zaXRvcnkxMjAwMTI3NDg=
MDQ6VXNlcjE5MTc1OA==,MDEwOlJlcG9zaXRvcnkxMjM5OTczNTM=
MDQ6VXNlcjE5MTc1OA==,MDEwOlJlcG9zaXRvcnkxMTkyMzQ0ODc=
MDQ6VXNlcjE5MTc1OA==,MDEwOlJlcG9zaXRvcnkxMzEwNTg1NDE=
