MDEwOlJlcG9zaXRvcnkyMzI1Mjk4,linux,66867,C
MDEwOlJlcG9zaXRvcnkyMzE5NDk4,subsurface,1469,C++
MDEwOlJlcG9zaXRvcnkxMTc5MDA4MDU=,uemacs,306,C
MDEwOlJlcG9zaXRvcnk0MjQxODc0NA==,patchwork,106,Python
MDEwOlJlcG9zaXRvcnk3ODM3NzcyNA==,libdc,24,C
MDEwOlJlcG9zaXRvcnk3NTA4NDEx,RxJava,36774,Java
MDEwOlJlcG9zaXRvcnk4OTIyNzU=,retrofit,30668,Java
MDEwOlJlcG9zaXRvcnk1MTUyMjg1,okhttp,30073,Java
MDEwOlJlcG9zaXRvcnkyMDMwMDE3Nw==,guava,28658,Java
MDEwOlJlcG9zaXRvcnkzNDMyMjY2,kotlin,25617,Kotlin
MDEwOlJlcG9zaXRvcnk4NTc1MTM3,butterknife,22735,Java
MDEwOlJlcG9zaXRvcnkzNDgyNDQ5OQ==,leakcanary,21343,Java
MDEwOlJlcG9zaXRvcnkyMzA5NTk1NA==,RxAndroid,17261,Java
MDEwOlJlcG9zaXRvcnkxMDA1NzkzNg==,picasso,16266,Java
MDEwOlJlcG9zaXRvcnkzMjUzODg3MQ==,gson,14339,Java
MDEwOlJlcG9zaXRvcnk3OTY4NDE3,dagger,12496,Java
MDEwOlJlcG9zaXRvcnkzMjc3NTczOQ==,RxBinding,8247,Kotlin
MDEwOlJlcG9zaXRvcnk2NTg4NQ==,platform_frameworks_base,8124,Java
MDEwOlJlcG9zaXRvcnkzMDIzMjI=,gradle,8074,Groovy
MDEwOlJlcG9zaXRvcnkxMTIzODAzNTg=,android-ktx,7508,None
MDEwOlJlcG9zaXRvcnkxMDIzMDM2OQ==,auto,7254,Java
MDEwOlJlcG9zaXRvcnkxMTQ5NTc4Nw==,timber,6404,Java
MDEwOlJlcG9zaXRvcnk3OTYxOTkx,javapoet,6192,Java
MDEwOlJlcG9zaXRvcnkxNzgxMjUwMg==,okio,5770,Kotlin
MDEwOlJlcG9zaXRvcnk3NTY0MzA5Ng==,material-components-android,5710,Java
MDEwOlJlcG9zaXRvcnk3MjEwMzg5MQ==,jstraining,15002,None
MDEwOlJlcG9zaXRvcnkxODk2NDQ4Nw==,es6tutorial,14580,JavaScript
MDEwOlJlcG9zaXRvcnkzMjcyNjM3Nw==,react-demos,13733,JavaScript
MDEwOlJlcG9zaXRvcnk0MDY5MzUwMQ==,webpack-demos,7649,JavaScript
MDEwOlJlcG9zaXRvcnk2ODAwMjE3,jstutorial,5097,CSS
MDEwOlJlcG9zaXRvcnk3MDY5NDgzMA==,document-style-guide,3502,None
MDEwOlJlcG9zaXRvcnkxNTI4NzAzNzI=,weekly,2994,None
MDEwOlJlcG9zaXRvcnkxMTUxODM4NjU=,javascript-tutorial,1001,Shell
MDEwOlJlcG9zaXRvcnk1MTM2MzcxNg==,reading-list,897,None
MDEwOlJlcG9zaXRvcnkxNDYwNTc4ODU=,book-computer-networks,557,None
MDEwOlJlcG9zaXRvcnk3NjQyNTc3Mw==,loppo,556,JavaScript
MDEwOlJlcG9zaXRvcnk0NDk1NzU3OA==,articles,465,None
MDEwOlJlcG9zaXRvcnk5OTI5OTk4Mw==,koa-demos,339,None
MDEwOlJlcG9zaXRvcnk3NjgyNzk5Ng==,survivor,275,CSS
MDEwOlJlcG9zaXRvcnkxNTA3MTczNDI=,chrome-extension-demo,258,JavaScript
MDEwOlJlcG9zaXRvcnk1Mzc3OTc3Nw==,simple-bash-scripts,228,Shell
MDEwOlJlcG9zaXRvcnk4NzIwNzAxNg==,shell-tutorial,183,None
MDEwOlJlcG9zaXRvcnk1MTEzMTE3MA==,react-testing-demo,181,JavaScript
MDEwOlJlcG9zaXRvcnkzMzgwMjk3OA==,fortunes,178,None
MDEwOlJlcG9zaXRvcnk4MjE1OTE3Nw==,css-tutorial,129,None
MDEwOlJlcG9zaXRvcnkxMTczMDM0Mg==,vue,122158,JavaScript
MDEwOlJlcG9zaXRvcnk2MzUzNzI0OQ==,create-react-app,60610,JavaScript
MDEwOlJlcG9zaXRvcnkzNjc4NzMx,webpack,45818,JavaScript
MDEwOlJlcG9zaXRvcnk0OTk3MDY0Mg==,yarn,34065,JavaScript
MDEwOlJlcG9zaXRvcnkyNDU2MDMwNw==,babel,30995,JavaScript
MDEwOlJlcG9zaXRvcnkzOTE3NjI2OQ==,vuex,18148,JavaScript
MDEwOlJlcG9zaXRvcnk0ODYyNjMzNQ==,vue-cli,17808,JavaScript
MDEwOlJlcG9zaXRvcnkxNTExNjk0Ng==,vue-router,12163,JavaScript
MDEwOlJlcG9zaXRvcnkyNDU3OTIzOA==,vue-devtools,11412,JavaScript
MDEwOlJlcG9zaXRvcnkxMjgyMzcxNDY=,vuepress,10337,JavaScript
MDEwOlJlcG9zaXRvcnk2NTA1Mjk4MA==,vue-hackernews-2.0,8857,JavaScript
MDEwOlJlcG9zaXRvcnk0ODYwMDQxMg==,webpack,8498,JavaScript
MDEwOlJlcG9zaXRvcnkyMjc0NDU5NQ==,html-webpack-plugin,6832,JavaScript
MDEwOlJlcG9zaXRvcnkxNzI1MTk5,linguist,6300,Ruby
MDEwOlJlcG9zaXRvcnk1ODM5Njky,webpack-dev-server,4709,JavaScript
MDEwOlJlcG9zaXRvcnkyNDcwMDE3MQ==,vue-loader,3620,JavaScript
MDEwOlJlcG9zaXRvcnkxNTY0NDU5NA==,vuejs.org,3075,JavaScript
MDEwOlJlcG9zaXRvcnkzODA3MTUzNA==,vue-class-component,2731,TypeScript
MDEwOlJlcG9zaXRvcnkyNDc2MzU3NA==,postcss-loader,2161,JavaScript
MDEwOlJlcG9zaXRvcnk0NTQwOTcxNg==,vue-rx,2138,JavaScript
MDEwOlJlcG9zaXRvcnk5OTU5ODU5NQ==,parcel,28548,JavaScript
MDEwOlJlcG9zaXRvcnk0ODMwMTI4Mg==,apex,7453,Go
MDEwOlJlcG9zaXRvcnk0MDEwNDc4,page.js,6175,JavaScript
MDEwOlJlcG9zaXRvcnkxMDI5ODc5MDc=,react-static,6142,JavaScript
MDEwOlJlcG9zaXRvcnk5NDk0OTUwNA==,up,6129,Go
MDEwOlJlcG9zaXRvcnk1NjM2MzU2Mw==,nivo,4529,JavaScript
MDEwOlJlcG9zaXRvcnkxMTEyNTM2Mzk=,node-prune,3479,Go
MDEwOlJlcG9zaXRvcnk0ODc1OTkxNQ==,frontend-boilerplate,3035,JavaScript
MDEwOlJlcG9zaXRvcnkxMTQzNzkxNjM=,tview,2328,Go
MDEwOlJlcG9zaXRvcnkxMDc2MDA4MzA=,aws-lambda-go,1596,Go
MDEwOlJlcG9zaXRvcnk4NTEyNjg5Ng==,packr,1450,Go
MDEwOlJlcG9zaXRvcnk4MjExMTI2MA==,mmake,1433,Go
MDEwOlJlcG9zaXRvcnk5NjA1NTQ4Ng==,gh-polls,1425,Go
MDEwOlJlcG9zaXRvcnk0OTk5ODc2,axon,1371,JavaScript
MDEwOlJlcG9zaXRvcnk2MTIxMjI0Mg==,react-enroute,1310,JavaScript
MDEwOlJlcG9zaXRvcnkyNTcxOTE0Nw==,cors,950,Go
MDEwOlJlcG9zaXRvcnkyMDU0NTI3OQ==,stripe-go,817,Go
MDEwOlJlcG9zaXRvcnkxMzU3MDgwOA==,node-thunkify,797,JavaScript
MDEwOlJlcG9zaXRvcnk1MjQ2NDk1Mg==,react-click-outside,685,JavaScript
MDEwOlJlcG9zaXRvcnk0ODM5MjQ3OA==,log,636,Go
MDEwOlJlcG9zaXRvcnkxMDI3MDI1MA==,react,117613,JavaScript
MDEwOlJlcG9zaXRvcnk0MTg4MTkwMA==,vscode,65652,TypeScript
MDEwOlJlcG9zaXRvcnkzNjUzNTE1Ng==,redux,45707,JavaScript
MDEwOlJlcG9zaXRvcnkxNTA2Mjg2OQ==,jest,22250,JavaScript
MDEwOlJlcG9zaXRvcnk2NTc5NDI5Mg==,styled-components,20906,JavaScript
MDEwOlJlcG9zaXRvcnk2MDkzMzE2,DefinitelyTyped,19087,TypeScript
MDEwOlJlcG9zaXRvcnkyNTg4MDg5MQ==,flow,18531,OCaml
MDEwOlJlcG9zaXRvcnk0NTk0MjI3NA==,enzyme,16008,JavaScript
MDEwOlJlcG9zaXRvcnkzODkzNDQ0OQ==,react-redux,15008,JavaScript
MDEwOlJlcG9zaXRvcnk1MjExMzkyMQ==,draft-js,14518,JavaScript
MDEwOlJlcG9zaXRvcnkzNTY0MDIyOQ==,rollup,14329,JavaScript
MDEwOlJlcG9zaXRvcnk0NTE0Nzg0MQ==,prepack,13216,JavaScript
MDEwOlJlcG9zaXRvcnk0MDUwODYwNQ==,relay,11805,JavaScript
MDEwOlJlcG9zaXRvcnkzNzE1MzMzNw==,react-native-web,11342,JavaScript
MDEwOlJlcG9zaXRvcnkxMjYwMTM3NA==,react-devtools,8703,JavaScript
MDEwOlJlcG9zaXRvcnkzNjA0MDg5NA==,gatsby,28891,JavaScript
MDEwOlJlcG9zaXRvcnkxODQ0MjUx,todomvc,24722,JavaScript
MDEwOlJlcG9zaXRvcnk1MzM3MDk4OA==,lighthouse,15498,JavaScript
MDEwOlJlcG9zaXRvcnkxOTI0OTgzNQ==,WebFundamentals,9738,HTML
MDEwOlJlcG9zaXRvcnk1NTQyNDY3MA==,workbox,6610,JavaScript
MDEwOlJlcG9zaXRvcnkxMjc2ODkyOTc=,guess,4654,TypeScript
MDEwOlJlcG9zaXRvcnkxNTMwMTA0,essential-js-design-patterns,3650,HTML
MDEwOlJlcG9zaXRvcnk0OTY1MTE3Ng==,awesome-app-ideas,3187,None
MDEwOlJlcG9zaXRvcnk4NDE2NTUyMg==,pwa,2693,JavaScript
MDEwOlJlcG9zaXRvcnkxNTg4NzM5Njk=,quicklink,2492,JavaScript
MDEwOlJlcG9zaXRvcnkxMzc5ODc5MTA=,ProjectVisBug,2030,JavaScript
MDEwOlJlcG9zaXRvcnkxMTAyOTE5Mg==,webpagetest,2020,PHP
MDEwOlJlcG9zaXRvcnk4NjIwNDMxOQ==,hacker-news-pwas,1905,HTML
MDEwOlJlcG9zaXRvcnk5OTYzNDc1Mg==,essential-image-optimization,1654,CSS
MDEwOlJlcG9zaXRvcnk5NzMwMzgwOA==,import-cost,651,JavaScript
MDEwOlJlcG9zaXRvcnkxMjQ0NDE2NTc=,predictive-fetching,204,None
MDEwOlJlcG9zaXRvcnk1NTI2Mzc0NQ==,feature-policy,140,Shell
MDEwOlJlcG9zaXRvcnk4ODg5NDA0NA==,httparchive.org,110,JavaScript
MDEwOlJlcG9zaXRvcnkxMDE4NDIxMDE=,priority-hints,100,HTML
MDEwOlJlcG9zaXRvcnkyMTczNzQ2NQ==,awesome,97951,None
MDEwOlJlcG9zaXRvcnk5Mzg0MjY3,electron,67620,C++
MDEwOlJlcG9zaXRvcnkyNzE5Mzc3OQ==,node,56412,JavaScript
MDEwOlJlcG9zaXRvcnkzMjI4NTA1,atom,47308,JavaScript
MDEwOlJlcG9zaXRvcnkyMDkyOTAyNQ==,TypeScript,42416,TypeScript
MDEwOlJlcG9zaXRvcnkyMTczNzI2Ng==,awesome-nodejs,27490,None
MDEwOlJlcG9zaXRvcnkzMjI0Nzg0Nw==,rxjs,16238,TypeScript
MDEwOlJlcG9zaXRvcnkyMTY5NjMwMg==,awesome-swift,16210,Swift
MDEwOlJlcG9zaXRvcnkzNDQ1MzA2MA==,awesome-electron,16185,None
MDEwOlJlcG9zaXRvcnkyNjgyMDc5OA==,ava,15262,JavaScript
MDEwOlJlcG9zaXRvcnkxMDkzNDMwOTg=,open-source-mac-os-apps,15206,Swift
MDEwOlJlcG9zaXRvcnkxMTA2MTc3Mw==,eslint,12943,JavaScript
MDEwOlJlcG9zaXRvcnkxNTAwODA3Mg==,quick-look-plugins,11980,None
MDEwOlJlcG9zaXRvcnk3MTQwNzQ=,pouchdb,11374,JavaScript
MDEwOlJlcG9zaXRvcnkxMTg1NTE5NQ==,chalk,10860,JavaScript
MDEwOlJlcG9zaXRvcnkzNTczMjIxNA==,SwiftLint,10736,Swift
MDEwOlJlcG9zaXRvcnk2NTQxMTA0Mw==,kap,10022,JavaScript
MDEwOlJlcG9zaXRvcnkxMjM1Njg4ODE=,Learn_Machine_Learning_in_3_Months,5600,None
MDEwOlJlcG9zaXRvcnkxMzc5NjIyOTY=,learn_math_fast,2210,Python
MDEwOlJlcG9zaXRvcnkxMzUxODAyNTg=,Learn_Deep_Learning_in_6_Weeks,1999,None
MDEwOlJlcG9zaXRvcnkxMjg0NjgwOTU=,Learn_Computer_Science_in_5_Months,1298,None
MDEwOlJlcG9zaXRvcnkxNTUzMzc3NzE=,Learn_Data_Science_in_3_Months,1266,None
MDEwOlJlcG9zaXRvcnkxMjczMjczMzI=,Learn_Blockchain_in_2_months,1258,None
MDEwOlJlcG9zaXRvcnkxMzkzNzc0ODc=,Machine_Learning_Journey,803,None
MDEwOlJlcG9zaXRvcnkxMzk4OTczNzc=,100_Days_of_ML_Code,660,None
MDEwOlJlcG9zaXRvcnkxMTk5NzUyMzc=,deepfakes,409,Python
MDEwOlJlcG9zaXRvcnkxMDQ5OTY2MjM=,Your_First_Decentralized_Application,394,Jupyter Notebook
MDEwOlJlcG9zaXRvcnkxMTc5NTU5MzQ=,ethereum_future,273,Jupyter Notebook
MDEwOlJlcG9zaXRvcnkxNDEyMTAwNTk=,Reinforcement_Learning_for_Stock_Prediction,263,Python
MDEwOlJlcG9zaXRvcnkxMDk4MzgyMjg=,Pokemon_GAN,249,Python
MDEwOlJlcG9zaXRvcnkxMjQzODM1OTY=,Neural_Network_Voices,243,Python
MDEwOlJlcG9zaXRvcnkxNDYzMzMyMTM=,Move_37_Syllabus,230,None
MDEwOlJlcG9zaXRvcnkxMzE0MTQyMDE=,AI_in_Finance,230,JavaScript
MDEwOlJlcG9zaXRvcnkxNDczNzE4OTQ=,Everybody_Dance_Now,211,Python
MDEwOlJlcG9zaXRvcnkxMzk1MDkzNzQ=,How-to-Use-GitHub,205,None
MDEwOlJlcG9zaXRvcnkxMTk4MTc1MTE=,bitcoin_prediction,205,Jupyter Notebook
MDEwOlJlcG9zaXRvcnkxMzU2OTU4NzU=,pose_estimation,203,TypeScript
MDEwOlJlcG9zaXRvcnk5MDc5NjY2Mw==,puppeteer,42709,JavaScript
MDEwOlJlcG9zaXRvcnk1MTA3MTgxOA==,diff-so-fancy,11217,Perl
MDEwOlJlcG9zaXRvcnkyODcwNDU0OQ==,flexbugs,10362,None
MDEwOlJlcG9zaXRvcnkxNDE3NDU5NTE=,ndb,8612,JavaScript
MDEwOlJlcG9zaXRvcnkzMjM4MjQz,caniuse,3382,JavaScript
MDEwOlJlcG9zaXRvcnk1MzM5NDU0Nw==,awesome-chrome-devtools,3290,None
MDEwOlJlcG9zaXRvcnkzMjUwMjcx,dotfiles,3278,Vim script
MDEwOlJlcG9zaXRvcnkxMTk4MjIzMDQ=,gifski-app,2641,Swift
MDEwOlJlcG9zaXRvcnkxNTU3MDEx,matchMedia.js,2284,JavaScript
MDEwOlJlcG9zaXRvcnkxMjAzNjA3NjU=,chromium,2242,None
MDEwOlJlcG9zaXRvcnkxMjA3MTU1Mzc=,modern-normalize,2201,CSS
MDEwOlJlcG9zaXRvcnk0Mzg0MDE4,madge,2188,JavaScript
MDEwOlJlcG9zaXRvcnkzNzIwNTQ0MA==,axe-core,1839,JavaScript
MDEwOlJlcG9zaXRvcnkyOTc5MTk4Ng==,git-open,1596,Shell
MDEwOlJlcG9zaXRvcnk1NTAwMTg1Mw==,browser-compat-data,1491,JavaScript
MDEwOlJlcG9zaXRvcnkxNzg4NDI5MA==,gh-pages,1375,JavaScript
MDEwOlJlcG9zaXRvcnkzMzk0NzU0OA==,catapult,1145,HTML
MDEwOlJlcG9zaXRvcnkxMzYyNDkw,requests,36199,Python
MDEwOlJlcG9zaXRvcnkxNjQ0MTk2,julia,19136,Julia
MDEwOlJlcG9zaXRvcnkxNDgxMzA1,python-guide,16312,Batchfile
MDEwOlJlcG9zaXRvcnk3OTUxMDE2Nw==,pipenv,15017,Python
MDEwOlJlcG9zaXRvcnkxMjI3NzU3ODA=,requests-html,8778,HTML
MDEwOlJlcG9zaXRvcnk1MDA2MzI1Mg==,Zappa,8272,Python
MDEwOlJlcG9zaXRvcnkxNzc4NDcx,httpbin,6889,Python
MDEwOlJlcG9zaXRvcnkxMjUyNjYzMjg=,black,6712,Python
MDEwOlJlcG9zaXRvcnkxOTUxMTQ4,legit,5267,Python
MDEwOlJlcG9zaXRvcnkyODQ1MjYzNw==,records,4939,Python
MDEwOlJlcG9zaXRvcnk1Mjg1NTUxNg==,homebrew-core,4835,Ruby
MDEwOlJlcG9zaXRvcnkzNDIxMjky,autoenv,4159,Shell
MDEwOlJlcG9zaXRvcnkxMDE2NjAzODc=,setup.py,3308,Python
MDEwOlJlcG9zaXRvcnkxNTM1MDA5,tablib,3227,Python
MDEwOlJlcG9zaXRvcnkxMDEwNzgwMzk=,awesome-coins,2928,None
MDEwOlJlcG9zaXRvcnk3NjYwNjU3Mg==,maya,2715,Python
MDEwOlJlcG9zaXRvcnk3NDE3MTkyOA==,pipfile,2608,Python
MDEwOlJlcG9zaXRvcnkxNTIyMzc3ODc=,responder,2393,Python
MDEwOlJlcG9zaXRvcnkyOTkxODk3NQ==,attrs,2256,Python
MDEwOlJlcG9zaXRvcnk3OTA4MzYxNA==,trio,1938,Python
MDEwOlJlcG9zaXRvcnkzNTY1NTM1Mw==,learn-python3,3040,Python
MDEwOlJlcG9zaXRvcnkxNjY3OTkwOQ==,itranswarp.js,1249,JavaScript
MDEwOlJlcG9zaXRvcnk0MDQzNDI0MA==,learn-javascript,945,None
MDEwOlJlcG9zaXRvcnk3NDkzMjE3MQ==,springcloud,178,JavaScript
MDEwOlJlcG9zaXRvcnk1MzIzNDg1Nw==,shici,84,JavaScript
MDEwOlJlcG9zaXRvcnkxMzM5NTg2NzY=,learngit,76,None
MDEwOlJlcG9zaXRvcnk4ODQ2MDQwNg==,cryptoexchange,48,Java
MDEwOlJlcG9zaXRvcnkxNTU5Nzk1MjI=,learn-sql,22,Java
MDEwOlJlcG9zaXRvcnkxNTA4NDg3MDU=,cryptoexchange-release,11,HTML
MDEwOlJlcG9zaXRvcnk1NDc1NTA5NQ==,warpdb,11,Java
MDEwOlJlcG9zaXRvcnkxNjAzMDc2ODU=,learn-java,9,Java
MDEwOlJlcG9zaXRvcnkxMzUwMDQ5NzA=,contract-vm,5,Java
MDEwOlJlcG9zaXRvcnkxMzgxMDI2Mjg=,aws-lambda-python-codecommit-s3-deliver,2,Python
MDEwOlJlcG9zaXRvcnkxMjc5ODE5OTI=,warpchain,2,None
MDEwOlJlcG9zaXRvcnkxMzY4MDE5Mjc=,merkle-patricia-tree,1,JavaScript
MDEwOlJlcG9zaXRvcnkyMTMxODMyMg==,AnimationEasingFunctions,2186,Java
MDEwOlJlcG9zaXRvcnkxMzkwOTczNTQ=,cosmos,0,TeX
MDEwOlJlcG9zaXRvcnkxMzYyNTQ0MjQ=,eos,0,WebAssembly
MDEwOlJlcG9zaXRvcnk4Mzg1NjE2,toml,9816,None
MDEwOlJlcG9zaXRvcnk0NDUxNTAzNA==,react-native-sound,1612,Java
MDEwOlJlcG9zaXRvcnk1NTYzMTQ0OQ==,jamstack.org,589,JavaScript
MDEwOlJlcG9zaXRvcnkxMzUyMjA0MzI=,docz-website,39,TypeScript
MDEwOlJlcG9zaXRvcnkxMjYzOTgyNzk=,jamstack.org,2,JavaScript
MDEwOlJlcG9zaXRvcnkxNTAxNjExNzY=,der-spielplatz,1,JavaScript
MDEwOlJlcG9zaXRvcnkxNTY5NTMwMzg=,docz-website,0,TypeScript
MDEwOlJlcG9zaXRvcnkxMzM2Nzc5,dotjs,3199,Ruby
MDEwOlJlcG9zaXRvcnk5MTE5ODcyOA==,Django-REST-Boilerplate,77,Python
MDEwOlJlcG9zaXRvcnk0NzAxMDQ3OQ==,arxiv-sanity-preserver,2534,Python
MDEwOlJlcG9zaXRvcnkxMzA2MTI3MjM=,pytorch-made,316,Python
MDEwOlJlcG9zaXRvcnkxMjc1Nzc5OTQ=,find-birds,275,Python
MDEwOlJlcG9zaXRvcnkxMjE5MDM1MTk=,ESPNet,237,Python
MDEwOlJlcG9zaXRvcnkyMTQ0NTgwOA==,karpathy.github.io,220,CSS
MDEwOlJlcG9zaXRvcnkxMzM3MjExNzg=,examples,16,Python
MDEwOlJlcG9zaXRvcnk5NDMxNDk=,d3,80980,JavaScript
MDEwOlJlcG9zaXRvcnkxMjU0NDk3,CodeMirror,16364,JavaScript
MDEwOlJlcG9zaXRvcnkxMjM4NzAzMTU=,tfjs,9892,TypeScript
MDEwOlJlcG9zaXRvcnk1NTY5MDU5,UglifyJS2,9549,JavaScript
MDEwOlJlcG9zaXRvcnkxMTE5NTcwMA==,KaTeX,9297,JavaScript
MDEwOlJlcG9zaXRvcnk5OTEyNzY5Ng==,tfjs-core,8214,TypeScript
MDEwOlJlcG9zaXRvcnk1OTMyNzQ5,acorn,4201,JavaScript
MDEwOlJlcG9zaXRvcnk1NTQyMDMy,viz.js,2916,JavaScript
MDEwOlJlcG9zaXRvcnkzODY0MDc3Mw==,d3-shape,1734,JavaScript
MDEwOlJlcG9zaXRvcnkxMjc5Njg3MDQ=,tfjs-models,1640,TypeScript
MDEwOlJlcG9zaXRvcnkyNjkzMTM1OQ==,vega-lite,1537,TypeScript
MDEwOlJlcG9zaXRvcnkzNzU1OTI5OQ==,d3-scale,1037,JavaScript
MDEwOlJlcG9zaXRvcnk1MjI0MjQyMg==,unpkg.com,821,JavaScript
MDEwOlJlcG9zaXRvcnk5MTQ1MDYyMw==,delaunator,714,JavaScript
MDEwOlJlcG9zaXRvcnkxMDg4ODE5Mg==,d3-geo-projection,696,JavaScript
MDEwOlJlcG9zaXRvcnk0NTQ5MzkwNQ==,d3-force,518,JavaScript
MDEwOlJlcG9zaXRvcnkxMTg2NDkzMzU=,stdlib,439,JavaScript
MDEwOlJlcG9zaXRvcnk1MzA3MDkwMQ==,d3-geo,396,JavaScript
MDEwOlJlcG9zaXRvcnkzNjY5NzI3MA==,d3-ease,389,JavaScript
MDEwOlJlcG9zaXRvcnk2MDQyMzA4OA==,d3-scale-chromatic,341,JavaScript
MDEwOlJlcG9zaXRvcnkxNDQ0MDI3MA==,You-Dont-Know-JS,93100,None
MDEwOlJlcG9zaXRvcnk1NTc5ODA=,socket.io,44602,JavaScript
MDEwOlJlcG9zaXRvcnk5NDI5MDM=,forever,11709,JavaScript
MDEwOlJlcG9zaXRvcnk2NTg2NjU1OQ==,Functional-Light-JS,9806,JavaScript
MDEwOlJlcG9zaXRvcnkxODYwOTQyNw==,ecma262,7555,HTML
MDEwOlJlcG9zaXRvcnkxNDA5ODEx,cdnjs,7030,None
MDEwOlJlcG9zaXRvcnkxMzgzMTcw,nodegit,3800,JavaScript
MDEwOlJlcG9zaXRvcnkyNTk2OTE=,qunit,3795,JavaScript
MDEwOlJlcG9zaXRvcnkyNzY1ODk5,openpgpjs,3739,JavaScript
MDEwOlJlcG9zaXRvcnk5ODc3MDA3Ng==,isomorphic-git,3535,JavaScript
MDEwOlJlcG9zaXRvcnk4MjIxMTM2MA==,hint,2007,TypeScript
MDEwOlJlcG9zaXRvcnk3OTk4NDQ=,node-static,1994,JavaScript
MDEwOlJlcG9zaXRvcnk0MTgwMzU1,jsrsasign,1774,HTML
MDEwOlJlcG9zaXRvcnkzMDAyNzE2Mw==,adapter,1728,JavaScript
MDEwOlJlcG9zaXRvcnkzMzY4Njky,asynquence,1418,JavaScript
MDEwOlJlcG9zaXRvcnk1MzQ5NDA=,node-mime,1287,JavaScript
MDEwOlJlcG9zaXRvcnkxOTQ0MjEwOA==,native-promise-only,639,JavaScript
MDEwOlJlcG9zaXRvcnk0NDE0ODczOA==,A-Tale-Of-Three-Lists,540,JavaScript
MDEwOlJlcG9zaXRvcnkxMTY2MDQ1ODE=,CAF,510,JavaScript
MDEwOlJlcG9zaXRvcnkyMTI2MjQ0,bootstrap,129350,CSS
MDEwOlJlcG9zaXRvcnkzMjU1MTczNQ==,primer,7844,CSS
MDEwOlJlcG9zaXRvcnkyNzcwNDgzOQ==,config,447,Shell
MDEwOlJlcG9zaXRvcnkyMzY4Mzc4OQ==,github-wide,348,CSS
MDEwOlJlcG9zaXRvcnk3NDEzODEwOA==,jekyll-paginate-v2,250,Ruby
MDEwOlJlcG9zaXRvcnk1NjIzNzYxMg==,docsearch-configs,135,None
MDEwOlJlcG9zaXRvcnkzNzk0ODM5,bootstrap-blog,121,CSS
MDEwOlJlcG9zaXRvcnkxMjc3MDU4NTc=,bootstrap-npm,19,HTML
MDEwOlJlcG9zaXRvcnkzNDMwMjY5OA==,serverless,26982,JavaScript
MDEwOlJlcG9zaXRvcnk2MTQyMTI1Nw==,egg,11002,JavaScript
MDEwOlJlcG9zaXRvcnkzNDQ3NTkz,nodeclub,7936,JavaScript
MDEwOlJlcG9zaXRvcnkxMjMyNDM3MDU=,node-in-debugging,4803,None
MDEwOlJlcG9zaXRvcnk5NDA2NDE5OA==,beidou,2039,JavaScript
MDEwOlJlcG9zaXRvcnk0Njg4MTE1NQ==,node-chakracore,1676,JavaScript
MDEwOlJlcG9zaXRvcnkxMjMzOTQ2MTc=,egg-cnode,1040,JavaScript
MDEwOlJlcG9zaXRvcnk1OTg3NTIz,doxmate,804,CSS
MDEwOlJlcG9zaXRvcnkyNzEyNDM2MQ==,wechat-oauth,682,JavaScript
MDEwOlJlcG9zaXRvcnkxODQyNzAyNQ==,ali-oss,677,JavaScript
MDEwOlJlcG9zaXRvcnk2MjI2ODA2,anywhere,634,JavaScript
MDEwOlJlcG9zaXRvcnkyNzQwOTQwMA==,aliyun-sdk-js,620,JavaScript
MDEwOlJlcG9zaXRvcnkzOTU1NTg5OA==,aliyun-openapi-java-sdk,525,Java
MDEwOlJlcG9zaXRvcnk2NTIwMzE5MA==,plugins,475,JavaScript
MDEwOlJlcG9zaXRvcnkyNjI2MTU4NA==,co-wechat-api,404,JavaScript
MDEwOlJlcG9zaXRvcnkzOTU1ODg2MQ==,aliyun-openapi-python-sdk,360,Python
MDEwOlJlcG9zaXRvcnkzODI5MTU5MQ==,aliyun-cli,302,Go
MDEwOlJlcG9zaXRvcnk0NDUxODMw,ejs-locals,287,JavaScript
MDEwOlJlcG9zaXRvcnkxMTE1NDA1MDI=,alibaba-cloud-sdk-go,258,Go
MDEwOlJlcG9zaXRvcnkxMDkyMjc3,JSON-js,7693,JavaScript
MDEwOlJlcG9zaXRvcnkxMDc2MDU3,JSLint,3233,JavaScript
MDEwOlJlcG9zaXRvcnkxNzU0NTA4OA==,DEC64,774,C
MDEwOlJlcG9zaXRvcnk0NDg0MjMyNg==,seifnode,542,C++
MDEwOlJlcG9zaXRvcnk0MTI5OTI2,JSCheck,483,HTML
MDEwOlJlcG9zaXRvcnkxNTM3ODc1MDk=,howjavascriptworks,91,JavaScript
MDEwOlJlcG9zaXRvcnkxNDQyODk0NTY=,fulfill,86,JavaScript
MDEwOlJlcG9zaXRvcnkxMzE1MzYwMDg=,parseq,81,JavaScript
MDEwOlJlcG9zaXRvcnk2NjIzODgyOQ==,Programma,77,None
MDEwOlJlcG9zaXRvcnk3ODg3ODczNQ==,fash,23,Assembly
MDEwOlJlcG9zaXRvcnkxMzI2NzcxNzY=,ecomcon,18,C
MDEwOlJlcG9zaXRvcnkxNTY1MzI3Ng==,android-open-project,27826,None
MDEwOlJlcG9zaXRvcnkxOTk3NjQxOA==,android-jobs,2236,None
MDEwOlJlcG9zaXRvcnkxMjg2Nzc1Mw==,trinea-download,577,None
MDEwOlJlcG9zaXRvcnkyMzA5Njk1OQ==,go,50660,Go
MDEwOlJlcG9zaXRvcnkxMzM0NDIzODQ=,deno,28067,TypeScript
MDEwOlJlcG9zaXRvcnkxOTk1MzA0NA==,flatbuffers,10921,C++
MDEwOlJlcG9zaXRvcnkxMTY3MjM0NQ==,tslint,4371,TypeScript
MDEwOlJlcG9zaXRvcnk2NzgzNjc4OQ==,tokio,3709,Rust
MDEwOlJlcG9zaXRvcnkxMTA5ODk5OTg=,propel,2823,TypeScript
MDEwOlJlcG9zaXRvcnkzMzA2MjA1NQ==,v8worker,1414,C++
MDEwOlJlcG9zaXRvcnk0ODI1MTU5NA==,tensorflow-resnet,1247,Python
MDEwOlJlcG9zaXRvcnkxMjEyODQ0NTU=,tfjs-node,713,TypeScript
MDEwOlJlcG9zaXRvcnkxMzMyNzExNDQ=,v8worker2,626,Go
MDEwOlJlcG9zaXRvcnk0NTg2MjQ5NQ==,tslint-eslint-rules,565,TypeScript
MDEwOlJlcG9zaXRvcnkyNjIxMDU5OA==,cla-assistant,461,JavaScript
MDEwOlJlcG9zaXRvcnkxMjMwMDAwNDc=,tfjs-layers,248,TypeScript
MDEwOlJlcG9zaXRvcnkxNDAxNzI2MA==,brooklynjs.github.io,166,JavaScript
MDEwOlJlcG9zaXRvcnk2NzYzNTQ2OQ==,tokio-process,119,Rust
MDEwOlJlcG9zaXRvcnkxNDc2MTM5MTU=,deno_install,91,Python
MDEwOlJlcG9zaXRvcnkyNjc1OTQ5,live-editor,613,JavaScript
MDEwOlJlcG9zaXRvcnk0OTA5OTM5OQ==,react-render-server,123,JavaScript
MDEwOlJlcG9zaXRvcnk3ODY5NzY3MA==,guide,68,JavaScript
MDEwOlJlcG9zaXRvcnkxMjI2NTE2Mw==,KAS,66,JavaScript
MDEwOlJlcG9zaXRvcnk3ODcxNzA=,nodelist,64,HTML
MDEwOlJlcG9zaXRvcnkxMjMxOTg0Njk=,wonder-blocks,57,JavaScript
MDEwOlJlcG9zaXRvcnkxMTI5MjgwNjA=,graphql-rest-api-demo,47,JavaScript
MDEwOlJlcG9zaXRvcnk2NDM1MTMyNA==,mongaku,44,JavaScript
MDEwOlJlcG9zaXRvcnk0NjI4NTc5,khan-linter,32,Python
MDEwOlJlcG9zaXRvcnkyNTg5MjYzOQ==,khan.github.io,9,CSS
MDEwOlJlcG9zaXRvcnkxMDIwMzM3Nw==,localeplanet,8,JavaScript
MDEwOlJlcG9zaXRvcnkxNjQ1ODMxMA==,muir-yosemite,5,JavaScript
MDEwOlJlcG9zaXRvcnkxNDk2NTM3MDM=,begin-functions-app,3,JavaScript
MDEwOlJlcG9zaXRvcnkxNTIwMDg3OTc=,vite,1,JavaScript
MDEwOlJlcG9zaXRvcnkxNDcxMDUzNDY=,mongo-in-memory,0,JavaScript
MDEwOlJlcG9zaXRvcnkxNDUwNTg1Nzg=,ehon-db,0,JavaScript
MDEwOlJlcG9zaXRvcnkxMTQxNzU1NjU=,autoload-modules-loader,0,JavaScript
MDEwOlJlcG9zaXRvcnkyMzY1NTQ5,Specs,4845,None
MDEwOlJlcG9zaXRvcnkyMjc1NzkwNQ==,Surge,4322,Swift
MDEwOlJlcG9zaXRvcnkyMTAzMjgz,FormatterKit,4154,Objective-C
MDEwOlJlcG9zaXRvcnk1NzIyNDY2,houston,2749,Ruby
MDEwOlJlcG9zaXRvcnkxNzAzMzc4Ng==,Ono,2425,Objective-C
MDEwOlJlcG9zaXRvcnk1NjI3MTM5,rouge,2408,Ruby
MDEwOlJlcG9zaXRvcnkyMjY2MDIzMw==,Euler,1063,Swift
MDEwOlJlcG9zaXRvcnk3NDE0MTQy,articles,952,None
MDEwOlJlcG9zaXRvcnk2NjIyMjI0,TransformerKit,815,Objective-C
MDEwOlJlcG9zaXRvcnkxMzg3NjY0MzA=,Money,665,Swift
MDEwOlJlcG9zaXRvcnkyNjMwMzA=,Chroma-Hash,623,JavaScript
MDEwOlJlcG9zaXRvcnkxMzA2OTU1MA==,asciiwwdc.com,492,HTML
MDEwOlJlcG9zaXRvcnk0MTcwMzg0,sinatra-param,481,Ruby
MDEwOlJlcG9zaXRvcnkyMDEyNDk1MQ==,NSSortDescriptor-WilsonRank,448,Objective-C
MDEwOlJlcG9zaXRvcnkxMzA3MjUwODI=,AnyCodable,443,Swift
MDEwOlJlcG9zaXRvcnkzNjg5NTY0,Godzippa,406,Objective-C
MDEwOlJlcG9zaXRvcnkyOTI2MTY3,TTTLocalizedPluralString,384,Objective-C
MDEwOlJlcG9zaXRvcnk5NjQzMTQ5OQ==,swift-web,327,Swift
MDEwOlJlcG9zaXRvcnkxMjE5OTU5MTQ=,iOSDevDirectory,288,Ruby
MDEwOlJlcG9zaXRvcnk1NzE3NzA=,pandoc,13858,Haskell
MDEwOlJlcG9zaXRvcnkxOTQzOA==,ggplot2,3509,R
MDEwOlJlcG9zaXRvcnk0NzI5OTQ0,shiny,3176,R
MDEwOlJlcG9zaXRvcnk2NDI3ODEz,dplyr,2736,R
MDEwOlJlcG9zaXRvcnkxMTQ3NDYz,rstudio,2546,Java
MDEwOlJlcG9zaXRvcnk1MDU0NDE2Ng==,feather,1902,C++
MDEwOlJlcG9zaXRvcnk2NDM5MDk=,devtools,1745,R
MDEwOlJlcG9zaXRvcnkzOTc5OTcyMQ==,r4ds,1661,R
MDEwOlJlcG9zaXRvcnkxMjY4OTkwODc=,stats337,1451,R
MDEwOlJlcG9zaXRvcnkxNjE0NjQ0MA==,rmarkdown,1363,R
MDEwOlJlcG9zaXRvcnkxMjI0MTc1MA==,adv-r,1359,TeX
MDEwOlJlcG9zaXRvcnk0NTA5MDAyNg==,bookdown,1240,R
MDEwOlJlcG9zaXRvcnkyODU1NjkxNA==,DiagrammeR,1074,R
MDEwOlJlcG9zaXRvcnkyMjE3ODY4NQ==,rvest,1016,R
MDEwOlJlcG9zaXRvcnk3MjY3MTUyMg==,blogdown,849,R
MDEwOlJlcG9zaXRvcnkyMzkzMjIxNw==,broom,782,R
MDEwOlJlcG9zaXRvcnkyNzU2NDAz,httr,749,R
MDEwOlJlcG9zaXRvcnkyNzMwOTcyOQ==,purrr,716,R
MDEwOlJlcG9zaXRvcnkyMDY4ODI2MQ==,tidyr,667,R
MDEwOlJlcG9zaXRvcnkxMTY2Mzk4MA==,readr,667,R
MDEwOlJlcG9zaXRvcnk0NjIyOTI=,node-mongodb-native,7508,JavaScript
MDEwOlJlcG9zaXRvcnkzNTI1NjU4OQ==,git-it-electron,2640,HTML
MDEwOlJlcG9zaXRvcnk1MzczNjcz,sheetsee.js,2424,JavaScript
MDEwOlJlcG9zaXRvcnkxODE5NDQ4Nw==,hello-world,200,None
MDEwOlJlcG9zaXRvcnkxNzk3OTQ0Mg==,mongodb-core,150,JavaScript
MDEwOlJlcG9zaXRvcnkxOTI0NDg2NQ==,specifications,132,Python
MDEwOlJlcG9zaXRvcnkxMjAzMjA1MA==,balrog,81,JavaScript
MDEwOlJlcG9zaXRvcnkyMTMzNzA0NQ==,hello,76,CSS
MDEwOlJlcG9zaXRvcnkxNjQyOTI4NA==,jlord.github.io,33,JavaScript
MDEwOlJlcG9zaXRvcnkxNTYwMTA1NQ==,reporobot,30,JavaScript
MDEwOlJlcG9zaXRvcnk0NjI4MDkyOQ==,mongodb-topology-manager,21,JavaScript
MDEwOlJlcG9zaXRvcnk0NjE5NDgyOQ==,vermeer,13,JavaScript
MDEwOlJlcG9zaXRvcnkxNTc0NzYyNzg=,notes,2,HTML
MDEwOlJlcG9zaXRvcnk3NzU2ODY3Mg==,streetsmart.github.io,2,HTML
MDEwOlJlcG9zaXRvcnkzOTQ3NDI4Mw==,download-url,2,JavaScript
MDEwOlJlcG9zaXRvcnkxNDM3ODU4MzA=,flatwhite-syntax,1,CSS
MDEwOlJlcG9zaXRvcnkxMTc4NzM5ODY=,specifications,1,Python
MDEwOlJlcG9zaXRvcnkxNDc5NjAzNDM=,micropub-content,0,HTML
MDEwOlJlcG9zaXRvcnkxNDc5NjAyOTc=,micropub-endpoint,0,JavaScript
MDEwOlJlcG9zaXRvcnkxMjE0MzU5NzY=,current-mongodb-downloads,0,JavaScript
MDEwOlJlcG9zaXRvcnk0Njg5MDIwMg==,ReduxSimpleStarter,3408,JavaScript
MDEwOlJlcG9zaXRvcnk2ODYyNjcxNg==,ReactNativeReduxCasts,2228,JavaScript
MDEwOlJlcG9zaXRvcnkxMTM2MDYxNTM=,EthereumCasts,973,JavaScript
MDEwOlJlcG9zaXRvcnkxMDgzMDQzOTI=,AlgoCasts,569,JavaScript
MDEwOlJlcG9zaXRvcnk1Mzg4NTM3Ng==,AdvancedReduxCode,561,JavaScript
MDEwOlJlcG9zaXRvcnk3MjE0ODU1Nw==,ElixirCode,473,Elixir
MDEwOlJlcG9zaXRvcnk2MjczNjcwNQ==,JSPlaygrounds,285,CSS
MDEwOlJlcG9zaXRvcnkxMDM5OTYwMDg=,ReactSSRCasts,248,JavaScript
MDEwOlJlcG9zaXRvcnk1OTcwMDQ2Mg==,RallyCodingWeekly,169,JavaScript
MDEwOlJlcG9zaXRvcnkxMzI0ODU4OTA=,FlutterCasts,116,Dart
MDEwOlJlcG9zaXRvcnkxMjA2NzE5MzY=,AdvancedNodeStarter,92,JavaScript
MDEwOlJlcG9zaXRvcnk5NDExOTEyMA==,redux-code,90,JavaScript
MDEwOlJlcG9zaXRvcnkxMjA2NzIzMjQ=,AdvancedNodeComplete,65,JavaScript
MDEwOlJlcG9zaXRvcnkxNTEyODYxNTM=,MLKits,58,JavaScript
MDEwOlJlcG9zaXRvcnkxNDM5MDM5MTY=,DockerCasts,47,JavaScript
MDEwOlJlcG9zaXRvcnkxMjMxNzU3NzU=,NodeCI,34,JavaScript
MDEwOlJlcG9zaXRvcnkxNDMwNjE3MDc=,docker-react,29,JavaScript
MDEwOlJlcG9zaXRvcnkxNDI4OTk5MDA=,EthereumStarter,25,None
MDEwOlJlcG9zaXRvcnkxNDQ3NzI4NjU=,multi-docker,19,JavaScript
MDEwOlJlcG9zaXRvcnkxMzEwNDE4OTM=,VueCasts,17,Vue
MDEwOlJlcG9zaXRvcnkxODYzMzI5,laravel,47841,PHP
MDEwOlJlcG9zaXRvcnk3NTQ4OTg2,framework,15236,PHP
MDEwOlJlcG9zaXRvcnk0NDgwNDU=,phpunit,12390,PHP
MDEwOlJlcG9zaXRvcnkzMzkwNDM1MQ==,lumen,5971,PHP
MDEwOlJlcG9zaXRvcnk3NTQ5MDk2,inflector,5581,PHP
MDEwOlJlcG9zaXRvcnk5Nzc5MDE3,TrustedProxy,4379,PHP
MDEwOlJlcG9zaXRvcnk0NzQzNzI2OA==,dehydrated,4146,Shell
MDEwOlJlcG9zaXRvcnk3NzA3MTIwNw==,tinker,3985,PHP
MDEwOlJlcG9zaXRvcnkyMzA1NjU4MA==,socialite,3639,PHP
MDEwOlJlcG9zaXRvcnk2MjY5MDEz,aws-sdk-php,3602,PHP
MDEwOlJlcG9zaXRvcnkxNDU4NjU5NDE=,telescope,2580,JavaScript
MDEwOlJlcG9zaXRvcnkxMDUxOTczMTU=,collision,2474,PHP
MDEwOlJlcG9zaXRvcnk5NzI0Nzg0NQ==,horizon,2406,PHP
MDEwOlJlcG9zaXRvcnk0NTU0NTk5,database,1637,PHP
MDEwOlJlcG9zaXRvcnk2MzA3MzczNA==,passport,1568,PHP
MDEwOlJlcG9zaXRvcnk3NTQ2ODQ3,docs,1491,None
MDEwOlJlcG9zaXRvcnkxNzM4ODc1OQ==,cashier,1432,PHP
MDEwOlJlcG9zaXRvcnk1ODAwMTQ4Mw==,valet,1386,PHP
MDEwOlJlcG9zaXRvcnkyNjIyMzM5Nw==,SecurityAdvisories,1277,None
MDEwOlJlcG9zaXRvcnkxNjY1MDEzMQ==,envoy,1135,PHP
MDEwOlJlcG9zaXRvcnkzMjg2NjQ1NA==,nuklear,11298,C
MDEwOlJlcG9zaXRvcnk1MjU0NTU3,skynet,7315,C
MDEwOlJlcG9zaXRvcnkzOTI1MjQy,bgfx,5499,C++
MDEwOlJlcG9zaXRvcnkxNjA1NTk4,bullet3,4334,C++
MDEwOlJlcG9zaXRvcnk2NDgzMzI=,assimp,3699,C++
MDEwOlJlcG9zaXRvcnkxMjg0OTk3Nw==,recastnavigation,2327,C++
MDEwOlJlcG9zaXRvcnkxNTQ5MDEzMA==,ejoy2d,1716,C
MDEwOlJlcG9zaXRvcnkyODY5NDg0,pbc,1162,C
MDEwOlJlcG9zaXRvcnkyOTE3MDQyNw==,lua53doc,681,HTML
MDEwOlJlcG9zaXRvcnk0MTMyNTI4Mg==,ozz-animation,593,C++
MDEwOlJlcG9zaXRvcnkyMjMzMjQ0Ng==,sproto,580,C
MDEwOlJlcG9zaXRvcnkzNjE3MDA0,lua-cjson,523,C
MDEwOlJlcG9zaXRvcnkzMTM0MTg=,luafilesystem,451,C
MDEwOlJlcG9zaXRvcnk2NDQ5MjMzNw==,stellaris_cn,282,Lua
MDEwOlJlcG9zaXRvcnkzOTI1MTU3,bx,277,C++
MDEwOlJlcG9zaXRvcnk1MzYzMzcwNA==,rudp,248,C
MDEwOlJlcG9zaXRvcnkxMDY3MTQxMDk=,lua-bgfx,114,Lua
MDEwOlJlcG9zaXRvcnk3NDI4MTczMw==,luadebug,94,C
MDEwOlJlcG9zaXRvcnk4NzAzMTg4Ng==,bimg,91,C++
MDEwOlJlcG9zaXRvcnkzMDE3NzEwOA==,lua,64,C
MDEwOlJlcG9zaXRvcnk2MTkyOTU4Ng==,programmer-job-blacklist,9545,None
MDEwOlJlcG9zaXRvcnkxMzA2NDY4OTI=,Xin-Yue,7922,HTML
MDEwOlJlcG9zaXRvcnk1ODU1OTY5NA==,desktop,6350,TypeScript
MDEwOlJlcG9zaXRvcnkzNzQ5MzIx,Unblock-Youku,2849,JavaScript
MDEwOlJlcG9zaXRvcnk4NzMwNjI4,CppTemplateTutorial,2169,C++
MDEwOlJlcG9zaXRvcnkzMzI3MzgzNw==,GacUI,1444,C++
MDEwOlJlcG9zaXRvcnk0MzIxNzI1Nw==,Release,746,C++
MDEwOlJlcG9zaXRvcnkxODE2Nzc3Mg==,vczh_toys,655,C++
MDEwOlJlcG9zaXRvcnkzMzIxODA0OQ==,Vlpp,286,C++
MDEwOlJlcG9zaXRvcnkzMzIyMzg5NQ==,Workflow,92,C++
MDEwOlJlcG9zaXRvcnkzMzIyMjE1NQ==,Tools,51,C++
MDEwOlJlcG9zaXRvcnk0MDYzODg0Nw==,vczh-libraries.github.io,42,JavaScript
MDEwOlJlcG9zaXRvcnkxNDkwNDE1Mjg=,Document,32,C++
MDEwOlJlcG9zaXRvcnkxMjAwNzE4Mzg=,ScreenToGif,10,C#
MDEwOlJlcG9zaXRvcnk4ODgzNDMwNw==,License,4,None
MDEwOlJlcG9zaXRvcnkxMTg0NjgxOTc=,Dark-Souls-III-Cheat-Engine-Guide,1,AutoIt
MDEwOlJlcG9zaXRvcnk5MDk1Mzk2Nw==,gac,0,C++
MDEwOlJlcG9zaXRvcnkxODM0NzQ3Ng==,iosched,17759,Kotlin
MDEwOlJlcG9zaXRvcnk0NTI2MTk2OQ==,plaid,12238,Kotlin
MDEwOlJlcG9zaXRvcnkzNjQ3MDU5MA==,cheesesquare,7649,Java
MDEwOlJlcG9zaXRvcnkxMzQ1MDUzNjE=,android-sunflower,5263,Kotlin
MDEwOlJlcG9zaXRvcnk2NTI0NTg5MA==,epoxy,4964,Java
MDEwOlJlcG9zaXRvcnk4Njc1NjQ=,robolectric,4308,Java
MDEwOlJlcG9zaXRvcnk2MTcyMjczNg==,kotlinx.coroutines,3833,Kotlin
MDEwOlJlcG9zaXRvcnkxMzk1MDAwMzY=,MvRx,2194,Kotlin
MDEwOlJlcG9zaXRvcnk2NDI5MzcxOQ==,ktlint,1820,Kotlin
MDEwOlJlcG9zaXRvcnkxMDA2MjQ1NTM=,tivi,1744,Kotlin
MDEwOlJlcG9zaXRvcnkxMTQxOTkzMzE=,SdkSearch,1517,Kotlin
MDEwOlJlcG9zaXRvcnkxMzIxMDQyOTY=,bundletool,775,Java
MDEwOlJlcG9zaXRvcnkzNDY4NTgwMA==,spotless,497,Java
MDEwOlJlcG9zaXRvcnk5NDEyNjQzMA==,AssistedInject,383,Kotlin
MDEwOlJlcG9zaXRvcnkyOTA5NzIz,trakt-java,74,Java
MDEwOlJlcG9zaXRvcnkxMzY3NjEzMjg=,copydynamic,39,Kotlin
MDEwOlJlcG9zaXRvcnkxNDY2OTMwMjE=,MvRx,1,Kotlin
MDEwOlJlcG9zaXRvcnkxMzY2MTM2Nzk=,andfun-kotlin-color-my-views,1,Kotlin
MDEwOlJlcG9zaXRvcnkxNTIwNTIyNzk=,docker-flexget,0,Dockerfile
MDEwOlJlcG9zaXRvcnkzMTkwNDI2OA==,github,3795,HTML
MDEwOlJlcG9zaXRvcnk1NDU3NjMzMA==,growth-in-action,2052,HTML
MDEwOlJlcG9zaXRvcnk0MjM5NTczMw==,awesome-iot,1935,Python
MDEwOlJlcG9zaXRvcnk3OTM1MDY0NQ==,fe,1614,HTML
MDEwOlJlcG9zaXRvcnkyMjgwNDE4MA==,designiot,1515,HTML
MDEwOlJlcG9zaXRvcnk0ODE3NDc2MA==,booktree,891,JavaScript
MDEwOlJlcG9zaXRvcnk1NzA0NzEyOA==,toolbox,792,HTML
MDEwOlJlcG9zaXRvcnkzNzA3MDAzOQ==,ideas,787,None
MDEwOlJlcG9zaXRvcnk1NTgzMDcwMQ==,articles,607,HTML
MDEwOlJlcG9zaXRvcnkxMjc1OTI3MDE=,microfrontends,565,None
MDEwOlJlcG9zaXRvcnkxMDg3MTQxNjA=,serverless,545,HTML
MDEwOlJlcG9zaXRvcnkxMjQzNTI0MjY=,mooa,269,TypeScript
MDEwOlJlcG9zaXRvcnk0NzAyMzgyNQ==,ebook-boilerplate,209,CSS
MDEwOlJlcG9zaXRvcnk3MDMzNDc2MA==,evolution,181,HTML
MDEwOlJlcG9zaXRvcnk3NDQyODgzMA==,md,148,JavaScript
MDEwOlJlcG9zaXRvcnkxNDExNDYxOTY=,phodit,141,TypeScript
MDEwOlJlcG9zaXRvcnk3OTIzMzUzNw==,rebirth-ng,120,CSS
MDEwOlJlcG9zaXRvcnkxMjk1NzM4MjE=,code,112,JavaScript
MDEwOlJlcG9zaXRvcnkxMTU1MjUzNDI=,mifa,87,CSS
MDEwOlJlcG9zaXRvcnk1OTcwMDIwNw==,beaker,4406,JavaScript
MDEwOlJlcG9zaXRvcnkyNTg5NDc0Nw==,scuttlebot,1011,JavaScript
MDEwOlJlcG9zaXRvcnk0NjQ0NTc2NA==,hyperdrive,931,JavaScript
MDEwOlJlcG9zaXRvcnk0ODMzNTk4NQ==,hypercore,899,JavaScript
MDEwOlJlcG9zaXRvcnkyOTk4NjI2Mw==,hyperdb,579,JavaScript
MDEwOlJlcG9zaXRvcnkxODcxNTA1Nw==,neocities,485,HTML
MDEwOlJlcG9zaXRvcnkxMzI5NTg2MjY=,libdweb,271,JavaScript
MDEwOlJlcG9zaXRvcnk5MDA0MzMzNQ==,fmmn,208,JavaScript
MDEwOlJlcG9zaXRvcnkxMjcyNzM4MzA=,chatmesh,86,JavaScript
MDEwOlJlcG9zaXRvcnkxMzQ3NzU3Nzk=,brickworld,63,JavaScript
MDEwOlJlcG9zaXRvcnk0ODg0MzMwNw==,osm-p2p-server,61,JavaScript
MDEwOlJlcG9zaXRvcnkxMjE4MzAyNTQ=,scene-data,53,JavaScript
MDEwOlJlcG9zaXRvcnkxNDU0NTI5ODQ=,deltachat-desktop,47,JavaScript
MDEwOlJlcG9zaXRvcnkxMDY1MzM2OTY=,ansi-diff,45,JavaScript
MDEwOlJlcG9zaXRvcnkxMTcxODM0MTA=,glsl-matrix-texture,24,JavaScript
MDEwOlJlcG9zaXRvcnkxMzI5NzEzNzU=,kappa-osm,17,JavaScript
MDEwOlJlcG9zaXRvcnkxNDk2Nzk5NTg=,svg-clone-sprite,16,JavaScript
MDEwOlJlcG9zaXRvcnkxMjYyNjA5NzM=,random-access-disk,15,Rust
MDEwOlJlcG9zaXRvcnkxMjI1MjU0OTg=,ulu3d,9,JavaScript
MDEwOlJlcG9zaXRvcnkxMjU4NTAyMDg=,random-access-storage,8,Rust
MDEwOlJlcG9zaXRvcnk4NTE0,rails,41625,Ruby
MDEwOlJlcG9zaXRvcnk1MDgwNzU0Nw==,turbolinks,7581,CoffeeScript
MDEwOlJlcG9zaXRvcnk3NjY5NDUxNQ==,stimulus,6589,TypeScript
MDEwOlJlcG9zaXRvcnk5MDA0MjE5Ng==,handbook,4220,None
MDEwOlJlcG9zaXRvcnk3NTc4NTE0Nw==,webpacker,3737,Ruby
MDEwOlJlcG9zaXRvcnkxNDcwMzQ5NjU=,name_of_person,390,Ruby
MDEwOlJlcG9zaXRvcnkxMjA2NTYwMjc=,actiontext,385,Ruby
MDEwOlJlcG9zaXRvcnk5MjgzNzQ2MQ==,google_sign_in,296,Ruby
MDEwOlJlcG9zaXRvcnkxNDkyMDEwMzY=,actionmailbox,43,Ruby
MDEwOlJlcG9zaXRvcnkzNjI2MzMw,weblog,43,HTML
MDEwOlJlcG9zaXRvcnk0OTk1MDk3Nw==,homepage,29,HTML
MDEwOlJlcG9zaXRvcnkxNDc0MzI3MDg=,textmate-rails-bundle,10,None
MDEwOlJlcG9zaXRvcnk3MDEwNzc4Ng==,next.js,32511,JavaScript
MDEwOlJlcG9zaXRvcnk1MTI3MDczOQ==,awesome-vscode,12679,JavaScript
MDEwOlJlcG9zaXRvcnk1MjYzMDYxNg==,apollo-client,9407,TypeScript
MDEwOlJlcG9zaXRvcnk3NTg2NzcyMA==,JavaScript30,9110,HTML
MDEwOlJlcG9zaXRvcnkxMTExNDg5MTE=,front-end-handbook-2018,3707,JavaScript
MDEwOlJlcG9zaXRvcnk0NTI3MzU2Ng==,React-For-Beginners-Starter-Files,2086,JavaScript
MDEwOlJlcG9zaXRvcnk3NDQzMjI3,cobalt2,1493,None
MDEwOlJlcG9zaXRvcnk2MzE4NzQwMA==,es6.io,1478,HTML
MDEwOlJlcG9zaXRvcnk5OTc1NDk1NA==,Advanced-React,1477,JavaScript
MDEwOlJlcG9zaXRvcnk1ODY0ODgyNw==,Learn-Redux-Starter-Files,1238,JavaScript
MDEwOlJlcG9zaXRvcnkxMTMyMzc2OTk=,css-grid,1130,HTML
MDEwOlJlcG9zaXRvcnkxOTE2MDY5Nw==,keycodes,1109,JavaScript
MDEwOlJlcG9zaXRvcnkxNzM0OTI3Mw==,videospeed,1028,JavaScript
MDEwOlJlcG9zaXRvcnkzOTQ3NjA0Mw==,gatsby-starter-blog,854,JavaScript
MDEwOlJlcG9zaXRvcnk5MDE0NzY2Nw==,Learn-Node,800,JavaScript
MDEwOlJlcG9zaXRvcnk3NTg4MjM3OQ==,apollo-client-devtools,677,JavaScript
MDEwOlJlcG9zaXRvcnk5NjI2Njc5Mg==,react-spinners,557,JavaScript
MDEwOlJlcG9zaXRvcnkxMDk0MDQ2ODI=,node-graphql-server,519,JavaScript
MDEwOlJlcG9zaXRvcnkxMTY4NDY4NDk=,dotfiles,494,JavaScript
MDEwOlJlcG9zaXRvcnkxMjA0NzA0OTM=,awesome-dev-podcasts,443,None
MDEwOlJlcG9zaXRvcnk1OTY4OTI=,flask,40666,Python
MDEwOlJlcG9zaXRvcnk3MjQ3MTI=,rust,32486,Rust
MDEwOlJlcG9zaXRvcnk4NzMzMjg=,sentry,19132,Python
MDEwOlJlcG9zaXRvcnkxOTEwMzY5Mg==,click,6747,Python
MDEwOlJlcG9zaXRvcnk5OTQ1NTE=,jinja,5684,Python
MDEwOlJlcG9zaXRvcnk5OTczMzg=,werkzeug,4426,Python
MDEwOlJlcG9zaXRvcnkzMzI4NTcy,sentry-javascript,3167,JavaScript
MDEwOlJlcG9zaXRvcnkxMDUzNzk1Njk=,actix-web,2908,Rust
MDEwOlJlcG9zaXRvcnk1NTA3NzI2MQ==,futures-rs,2364,Rust
MDEwOlJlcG9zaXRvcnkzMTgzMDU1MQ==,rustfmt,1951,Rust
MDEwOlJlcG9zaXRvcnkxNDM2NzczNw==,serde,1804,Rust
MDEwOlJlcG9zaXRvcnkxOTQ1MDM0,itsdangerous,1608,Python
MDEwOlJlcG9zaXRvcnkyNTI3ODI4,raven-python,1582,Python
MDEwOlJlcG9zaXRvcnkxMDg0NzUxNzc=,undux,1079,TypeScript
MDEwOlJlcG9zaXRvcnk2MjYwOTIzOQ==,loc,1012,Rust
MDEwOlJlcG9zaXRvcnkxMDQ3OTk0MTM=,failure,974,Rust
MDEwOlJlcG9zaXRvcnkzMjQ0OTMx,sentry-php,931,PHP
MDEwOlJlcG9zaXRvcnkxNTUxMDY3Nw==,redis-rs,929,Rust
MDEwOlJlcG9zaXRvcnk4OTE0NTU2Ng==,indicatif,885,Rust
MDEwOlJlcG9zaXRvcnkxODIxMDIwMQ==,chrono,711,Rust
MDEwOlJlcG9zaXRvcnk0OTY0MTg=,scottchacon.github.com,3,HTML
MDEwOlJlcG9zaXRvcnkxMTY1MDkyOTA=,yt,0,Ruby
MDEwOlJlcG9zaXRvcnkxMTY0NDA0NTM=,webvtt-ruby,0,Ruby
MDEwOlJlcG9zaXRvcnk0NDgzODk0OQ==,swift,46037,C++
MDEwOlJlcG9zaXRvcnkyNzQ0Mjk2Nw==,fastlane,23968,Ruby
MDEwOlJlcG9zaXRvcnkzMzQ4NjAxNg==,Kingfisher,13188,Swift
MDEwOlJlcG9zaXRvcnk5MjQzNDAy,CotEditor,2559,Swift
MDEwOlJlcG9zaXRvcnk4NDE0NDE2Nw==,FengNiao,1815,Swift
MDEwOlJlcG9zaXRvcnk0MTgwMTA1Nw==,APNGKit,1461,Swift
MDEwOlJlcG9zaXRvcnk5NTg2MjUzNQ==,coremltools,1262,Python
MDEwOlJlcG9zaXRvcnk0ODQ2MDgyMA==,Rainbow,1130,Swift
MDEwOlJlcG9zaXRvcnkxNTQ0MzM3Mjk=,line-sdk-ios-swift,503,Swift
MDEwOlJlcG9zaXRvcnk1MTcwMTY0Mg==,vno-jekyll,394,CSS
MDEwOlJlcG9zaXRvcnk3ODU3NDYxNA==,swift-source-compat-suite,188,Python
MDEwOlJlcG9zaXRvcnk1MjU4MjY2NQ==,OneV-s-Den,144,CSS
MDEwOlJlcG9zaXRvcnk5MjczMjQxNQ==,UniWebView-Docs,107,JavaScript
MDEwOlJlcG9zaXRvcnkxMjUzMDkxODY=,DebuggableContext,99,Swift
MDEwOlJlcG9zaXRvcnk5OTY5NjU1OQ==,website-copy,53,HTML
MDEwOlJlcG9zaXRvcnk3OTc3NDk3Mw==,line-sdk-starter-ios-v2,22,Objective-C
MDEwOlJlcG9zaXRvcnkxMzI5Nzc4NjQ=,Noti,17,Swift
MDEwOlJlcG9zaXRvcnk5NTIxODk=,backbone,27351,JavaScript
MDEwOlJlcG9zaXRvcnkzNDkyNDE=,underscore,24013,JavaScript
MDEwOlJlcG9zaXRvcnk0NDEyNjk=,coffeescript,15007,CoffeeScript
MDEwOlJlcG9zaXRvcnk1NDA1NDI=,docco,3359,CSS
MDEwOlJlcG9zaXRvcnk5MDA1MTQxNA==,runtime,257,JavaScript
MDEwOlJlcG9zaXRvcnkxOTcxODY5Mg==,policies,44,Shell
MDEwOlJlcG9zaXRvcnkxMDAzODg2OTA=,datasets,42,JavaScript
MDEwOlJlcG9zaXRvcnk5MDI5NzY1NQ==,d3-require,38,JavaScript
MDEwOlJlcG9zaXRvcnkxMzE5MDkyNTk=,inspector,25,JavaScript
MDEwOlJlcG9zaXRvcnkxMTU2NjQyMjM=,parser,15,JavaScript
MDEwOlJlcG9zaXRvcnk5NDkxODIyOA==,jashkenas.github.io,10,CoffeeScript
MDEwOlJlcG9zaXRvcnkxNTE0ODk0Mjc=,puppeteer-heroku-buildpack,0,Shell
MDEwOlJlcG9zaXRvcnkxMzM5Nzk2NTg=,policies,0,Shell
MDEwOlJlcG9zaXRvcnk1NzYyMDE=,three.js,47143,JavaScript
MDEwOlJlcG9zaXRvcnkyMzA0NDYxNw==,popmotion,15685,JavaScript
MDEwOlJlcG9zaXRvcnk2MDA2Mzc=,stats.js,5467,JavaScript
MDEwOlJlcG9zaXRvcnkxMDE3NzAxMTk=,WebARonARCore,602,None
MDEwOlJlcG9zaXRvcnk2ODY1Mjg5,frame.js,574,JavaScript
MDEwOlJlcG9zaXRvcnkxNTM2NTE0NzY=,model-viewer,300,JavaScript
MDEwOlJlcG9zaXRvcnk4OTc3MDUwNw==,Spector.js,283,TypeScript
MDEwOlJlcG9zaXRvcnk2MjI3MDM2Nw==,WebVR-Extension,268,JavaScript
MDEwOlJlcG9zaXRvcnk5Mzc5NTIyNw==,webxr-api,182,None
MDEwOlJlcG9zaXRvcnk5OTE2MjgwOA==,webxr-samples,131,JavaScript
MDEwOlJlcG9zaXRvcnk4MjEyODU4Mg==,daydream-controller.js,114,HTML
MDEwOlJlcG9zaXRvcnkxMjkxNDg3NDk=,sqrmelon,83,Python
MDEwOlJlcG9zaXRvcnkxMDkyNzA5NDg=,poly-sample-web,56,HTML
MDEwOlJlcG9zaXRvcnkxMjY3NTA4NDk=,pbr-compare,37,JavaScript
MDEwOlJlcG9zaXRvcnkxMTk3NjkwNDU=,webar-experiments,23,JavaScript
MDEwOlJlcG9zaXRvcnkzOTU5OTI1NQ==,registries,14,Rust
MDEwOlJlcG9zaXRvcnkzMDk4Nzc1Ng==,awesomplete,6330,JavaScript
MDEwOlJlcG9zaXRvcnk0OTc5NDY3,prism,6045,JavaScript
MDEwOlJlcG9zaXRvcnkxMTk2OTUwNw==,html,2195,HTML
MDEwOlJlcG9zaXRvcnk0MDk3NTUzNQ==,bliss,2053,JavaScript
MDEwOlJlcG9zaXRvcnk0MjQyODczMA==,mavo,2043,JavaScript
MDEwOlJlcG9zaXRvcnkzNjE4MTMz,wpt,1905,HTML
MDEwOlJlcG9zaXRvcnkxMDMzMzM5,inspire.js,1521,JavaScript
MDEwOlJlcG9zaXRvcnkyODYxODE5Ng==,css-houdini-drafts,1413,HTML
MDEwOlJlcG9zaXRvcnk5MjUyMjY4,csswg-drafts,1300,HTML
MDEwOlJlcG9zaXRvcnk2MjA2Mzcz,contrast-ratio,1299,JavaScript
MDEwOlJlcG9zaXRvcnkxNjYzNjkwOA==,css-diner,1204,CSS
MDEwOlJlcG9zaXRvcnkzOTY4NjMxMQ==,stretchy,1183,CSS
MDEwOlJlcG9zaXRvcnkxOTE3ODc5,css3patterns,1060,HTML
MDEwOlJlcG9zaXRvcnk4NjQwOTQwNA==,atom-ide-ui,941,JavaScript
MDEwOlJlcG9zaXRvcnkyOTQyODQz,dabblet,750,JavaScript
MDEwOlJlcG9zaXRvcnkxMDU5MTMyMA==,dpi,628,JavaScript
MDEwOlJlcG9zaXRvcnk0OTI5NDE4,google-calendar-crx,557,JavaScript
MDEwOlJlcG9zaXRvcnkxMzc5MjgzNjE=,microsoft-drop-ice,553,None
MDEwOlJlcG9zaXRvcnkzNzY0NDE5NA==,conic-gradient,407,HTML
MDEwOlJlcG9zaXRvcnk1MjcxODgy,build-web-application-with-golang,26801,Go
MDEwOlJlcG9zaXRvcnkzNTc3OTE5,beego,18195,Go
MDEwOlJlcG9zaXRvcnkxNDE5MDMxNjQ=,fuckcqcs,4600,HTML
MDEwOlJlcG9zaXRvcnk1NjQ3NDUzNQ==,conference,3483,None
MDEwOlJlcG9zaXRvcnkzMzU0MTM4NQ==,bat,2037,Go
MDEwOlJlcG9zaXRvcnkxMjM4NzEzNTI=,knowledge,1632,None
MDEwOlJlcG9zaXRvcnkxNDAwMzA3MQ==,bee,722,Go
MDEwOlJlcG9zaXRvcnkxNDcwMjE4MQ==,samples,559,Go
MDEwOlJlcG9zaXRvcnkxMTcyMDgxOQ==,beedoc,409,None
MDEwOlJlcG9zaXRvcnkxMTU4NDQxMjk=,news,263,None
MDEwOlJlcG9zaXRvcnkxMTcxNDY2Mg==,beeweb,231,JavaScript
MDEwOlJlcG9zaXRvcnkxNDI4MzAyMDI=,online,53,None
MDEwOlJlcG9zaXRvcnk0OTE0MDgyMg==,website,16,CSS
MDEwOlJlcG9zaXRvcnkxNTM4OTM5MA==,products,15,None
MDEwOlJlcG9zaXRvcnkxNDIwMzIxOTQ=,fuckcqcs,0,HTML
MDEwOlJlcG9zaXRvcnk3MTA1OTMwMQ==,images,0,None
MDEwOlJlcG9zaXRvcnkxNTUxNjcxMTM=,GoAIRatings,24,None
MDEwOlJlcG9zaXRvcnkxNTUxNDgwNjA=,gtp4zen,2,C
MDEwOlJlcG9zaXRvcnkyNDE5NTMzOQ==,angular,43512,TypeScript
MDEwOlJlcG9zaXRvcnkzNjg5MTg2Nw==,angular-cli,20528,TypeScript
MDEwOlJlcG9zaXRvcnk0OTAxNjMyMg==,material2,16730,TypeScript
MDEwOlJlcG9zaXRvcnk5NDQ4NTA1Ng==,core,5299,HTML
MDEwOlJlcG9zaXRvcnkxMjA5NjU3MTU=,polacode,4701,JavaScript
MDEwOlJlcG9zaXRvcnk3MjY4NTAyNg==,azure-docs,1934,PowerShell
MDEwOlJlcG9zaXRvcnk0MTQ0MzUzOQ==,vscode-docs,1808,CSS
MDEwOlJlcG9zaXRvcnk0NDQ3ODYwNA==,lite-server,1366,JavaScript
MDEwOlJlcG9zaXRvcnkxMDM1NTQ3NTg=,live-share,1049,Shell
MDEwOlJlcG9zaXRvcnkxMzM3NjE0NzA=,night-owl-vscode-theme,877,None
MDEwOlJlcG9zaXRvcnk0MTczNjEzOA==,angular-tour-of-heroes,733,TypeScript
MDEwOlJlcG9zaXRvcnkxMTIxMTQxMTQ=,angular-ngrx-data,660,TypeScript
MDEwOlJlcG9zaXRvcnkxMzc4MTEyMTk=,angular-console,483,TypeScript
MDEwOlJlcG9zaXRvcnk0NjA5ODgzMA==,vscode-angular-snippets,464,TypeScript
MDEwOlJlcG9zaXRvcnk5OTgzMDI0MQ==,kashti,275,TypeScript
MDEwOlJlcG9zaXRvcnk0NDQxNTQ2OQ==,vscode-docker,248,TypeScript
MDEwOlJlcG9zaXRvcnkxMzgyOTEwMzA=,vscode-chat,243,TypeScript
MDEwOlJlcG9zaXRvcnkxMjQ2NTY5MTI=,ngrx-data-lab,108,TypeScript
MDEwOlJlcG9zaXRvcnk0NjQ2MTA3MA==,AndroidAutoLayout,6469,Java
MDEwOlJlcG9zaXRvcnk0MTUzOTA1MQ==,FlowLayout,4506,Java
MDEwOlJlcG9zaXRvcnkxMjQ1MDMxOTY=,Awesome-WanAndroid,1161,Java
MDEwOlJlcG9zaXRvcnk1ODEwNDcxNw==,hongyangWeixinArticles,778,None
MDEwOlJlcG9zaXRvcnk0MjA0NTM0MA==,wanandroid,221,None
MDEwOlJlcG9zaXRvcnkxMjYzNzc5NTg=,wanandroid-quickapp,160,JavaScript
MDEwOlJlcG9zaXRvcnkxMjYxOTcwNzM=,quickappDemo,73,JavaScript
MDEwOlJlcG9zaXRvcnkxMTc2OTM4NDM=,demo_ShowPhoneMp4,49,Java
MDEwOlJlcG9zaXRvcnkxMjE1OTE1NDc=,SmartRefreshLayout,45,Java
MDEwOlJlcG9zaXRvcnkxMTg0NjQ1NDA=,EasySports,16,Java
MDEwOlJlcG9zaXRvcnkxMTc2NDE2NjY=,WifiTransfer-master,14,Java
MDEwOlJlcG9zaXRvcnkxMTY1MzcwMTg=,kotlin_tips,12,Kotlin
MDEwOlJlcG9zaXRvcnkxMTkyNjQ0ODI=,Eyepetizer-in-Kotlin,11,Kotlin
MDEwOlJlcG9zaXRvcnkxMTkyMzM2NzM=,Musicoco,11,Java
MDEwOlJlcG9zaXRvcnkxMTkyNjYwNzE=,WanAndroidClient,9,Kotlin
MDEwOlJlcG9zaXRvcnkxMTYzMzQ4MTk=,DDAutoTracker,6,Java
MDEwOlJlcG9zaXRvcnkxMTU5MTI2NDA=,AndroidSourceCodeXS,6,Java
MDEwOlJlcG9zaXRvcnkxMTkyNjM0Mzk=,AndroidGodEye,5,JavaScript
MDEwOlJlcG9zaXRvcnkxMTkyNjM2Mjc=,TranslateApp,3,Java
MDEwOlJlcG9zaXRvcnkxMjI0MzAwMTc=,mua,1,Java
MDEwOlJlcG9zaXRvcnkxNTYwMTg=,redis,33250,C
MDEwOlJlcG9zaXRvcnkzNDY3Njc3Mw==,disque,7163,C
MDEwOlJlcG9zaXRvcnkxMzMxMDUyNw==,jemalloc,3497,C
MDEwOlJlcG9zaXRvcnkxNjU4MjQ2Mw==,sds,2414,C
MDEwOlJlcG9zaXRvcnk2OTM5Mzg0Mw==,neural-redis,2087,C
MDEwOlJlcG9zaXRvcnk1NzE5Mjk=,linenoise,2080,C
MDEwOlJlcG9zaXRvcnk5MTU4NDQ=,redis-doc,1302,Ruby
MDEwOlJlcG9zaXRvcnk5MTU4NTI=,redis-io,388,Ruby
MDEwOlJlcG9zaXRvcnk4MzU1MjAxMg==,rax,384,C
MDEwOlJlcG9zaXRvcnkzNDg2NDY1,lua-cmsgpack,231,C
MDEwOlJlcG9zaXRvcnkxNDI2NzIz,otree,215,C
MDEwOlJlcG9zaXRvcnkxNTYyMDQ1NzI=,RESP3,64,None
MDEwOlJlcG9zaXRvcnkxNDE2NjQyOA==,redis-hashes,32,None
MDEwOlJlcG9zaXRvcnkxMzU3MzAxODk=,dict-scan-fuzz-tester,9,C
MDEwOlJlcG9zaXRvcnkxMzgxODk2Njc=,redis-cp-rewrite-sim,7,C
MDEwOlJlcG9zaXRvcnkxNDA5ODA2OQ==,free-programming-books-zh_CN,43035,JavaScript
MDEwOlJlcG9zaXRvcnk2ODk1NzkyMA==,awesome-wechat-weapp,19757,JavaScript
MDEwOlJlcG9zaXRvcnkxNDc5NDMxMDc=,You-Dont-Need-Momentjs,6877,JavaScript
MDEwOlJlcG9zaXRvcnkxNTMyMDg4ODM=,33-js-concepts,6713,JavaScript
MDEwOlJlcG9zaXRvcnk5NjE2NzE4Mw==,the-front-end-knowledge-you-may-not-know,1790,None
MDEwOlJlcG9zaXRvcnkyODQ1MDU4Mw==,Flarum,1062,JavaScript
MDEwOlJlcG9zaXRvcnkzNzcxNzQ3NA==,nodejs.org,848,JavaScript
MDEwOlJlcG9zaXRvcnk4NTU0Mjg2NA==,react-router-CN,776,JavaScript
MDEwOlJlcG9zaXRvcnkxNDMyNDUwNA==,ChromeSnifferPlus,705,JavaScript
MDEwOlJlcG9zaXRvcnkzNTAxMTM2,justjavac.github.com,455,HTML
MDEwOlJlcG9zaXRvcnkxMDU2NDkxMQ==,PHP-Best-Practices-zh_CN,247,HTML
MDEwOlJlcG9zaXRvcnkxNTU2ODUzMjg=,v8.js.cn,195,JavaScript
MDEwOlJlcG9zaXRvcnkxNDkzMzQzMTQ=,array-reverse-ios12,152,JavaScript
MDEwOlJlcG9zaXRvcnkxMjE0ODU5NjE=,esnext,115,CSS
MDEwOlJlcG9zaXRvcnkxNjE0NzA3OTE=,oak,73,TypeScript
MDEwOlJlcG9zaXRvcnkxNDczNjkyNzY=,dvm,64,JavaScript
MDEwOlJlcG9zaXRvcnkxMDk3MDE4MTk=,logo-trademark-licenses,47,None
MDEwOlJlcG9zaXRvcnkxMDA2MDg3Mjg=,baby-time,37,HTML
MDEwOlJlcG9zaXRvcnk3Njk5MTYzMw==,laravel-mix,2964,JavaScript
MDEwOlJlcG9zaXRvcnkyMTMzOTE2NQ==,flash,1936,PHP
MDEwOlJlcG9zaXRvcnkxNzE4MzM2OQ==,PHP-Vars-To-Js-Transformer,1816,PHP
MDEwOlJlcG9zaXRvcnkyNDc0OTQ2Mw==,elixir,1100,JavaScript
MDEwOlJlcG9zaXRvcnk4NTA5Nzg4Ng==,Lets-Build-a-Forum-in-Laravel,644,JavaScript
MDEwOlJlcG9zaXRvcnkxMTYxNTA5ODI=,council,443,PHP
MDEwOlJlcG9zaXRvcnkxMjU1NzIwODU=,laravel-mix-tailwind,119,JavaScript
MDEwOlJlcG9zaXRvcnk2MjQxODc0MA==,Laravel-Elixir-Rollup,22,JavaScript
MDEwOlJlcG9zaXRvcnkxMzM4NTMwMzM=,laravel-preset,17,PHP
MDEwOlJlcG9zaXRvcnkxMzAxMDE4NTQ=,Laracasts-Docs,8,PHP
MDEwOlJlcG9zaXRvcnkxMzI2NTE5NDU=,Easy-Flexbox-Examples,4,PHP
MDEwOlJlcG9zaXRvcnkxMzgwNTMwMzA=,vue-instantsearch,3,JavaScript
MDEwOlJlcG9zaXRvcnkxMjIyNTUyNDk=,5-6-issue,1,PHP
MDEwOlJlcG9zaXRvcnkxNjE4MzM0NzY=,laravel,0,PHP
MDEwOlJlcG9zaXRvcnkxMTA3NTUyNw==,vim-airline,11584,Vim script
MDEwOlJlcG9zaXRvcnk0MzQ0MzA=,vim-pathogen,10602,Vim script
MDEwOlJlcG9zaXRvcnkzMzE2MDM=,vim-fugitive,10189,Vim script
MDEwOlJlcG9zaXRvcnk1MTQ4MA==,vim-surround,6129,Vim script
MDEwOlJlcG9zaXRvcnk2MTAzMg==,vim-rails,3589,Vim script
MDEwOlJlcG9zaXRvcnk3NDY5ODAw,vim-sensible,3241,Vim script
MDEwOlJlcG9zaXRvcnkyMjM4MDM1,vim-commentary,2204,Vim script
MDEwOlJlcG9zaXRvcnkxNDQwOTk=,vim-unimpaired,1859,Vim script
MDEwOlJlcG9zaXRvcnk5MTU4MTAx,vim-dispatch,1845,Vim script
MDEwOlJlcG9zaXRvcnkzNDQ2NQ==,vim-ruby,1703,Vim script
MDEwOlJlcG9zaXRvcnkxMjQzMzgxMzM=,vim-dadbod,1418,Vim script
MDEwOlJlcG9zaXRvcnk2OTk0MzU2,vim-fireplace,1388,Vim script
MDEwOlJlcG9zaXRvcnkzOTM3MA==,vim-abolish,1383,Vim script
MDEwOlJlcG9zaXRvcnk0MzQxNDI=,vim-repeat,1301,Vim script
MDEwOlJlcG9zaXRvcnkxNTQyMTkzOQ==,vim-vinegar,1230,Vim script
MDEwOlJlcG9zaXRvcnkzMDUyOTI2,vim-eunuch,877,Vim script
MDEwOlJlcG9zaXRvcnk3MzgwMTI2,vim-sleuth,845,Vim script
MDEwOlJlcG9zaXRvcnk4Njk2MDgx,vim-obsession,816,Vim script
MDEwOlJlcG9zaXRvcnkyNzAzOQ==,vim-haml,581,Vim script
MDEwOlJlcG9zaXRvcnkxNzAzNTM2NQ==,vim-projectionist,562,Vim script
MDEwOlJlcG9zaXRvcnkxMDU3OTM5OA==,avalon,5374,JavaScript
MDEwOlJlcG9zaXRvcnkxMDU0MTE5MTM=,rematch,4767,JavaScript
MDEwOlJlcG9zaXRvcnkxMzQ4MDQ3ODg=,router,4496,JavaScript
MDEwOlJlcG9zaXRvcnk4MzQwMjI4MA==,anu,2257,JavaScript
MDEwOlJlcG9zaXRvcnkzNjQwOTgyNA==,mobileHack,1665,None
MDEwOlJlcG9zaXRvcnkyNzc5NDI2,mass-Framework,615,JavaScript
MDEwOlJlcG9zaXRvcnkxMTM1MjgzODU=,create-react-context,606,JavaScript
MDEwOlJlcG9zaXRvcnkxMDE2NTM2NA==,jsbook,264,JavaScript
MDEwOlJlcG9zaXRvcnk4MjAxOTYxNQ==,qreact,260,JavaScript
MDEwOlJlcG9zaXRvcnkxNDcxNjMyMjg=,nanachi,61,HTML
MDEwOlJlcG9zaXRvcnkxMjUyMDQwMDg=,create-anu-app,24,JavaScript
MDEwOlJlcG9zaXRvcnkxMzk4MTg4MTc=,object-defineproperty-ie8,17,JavaScript
MDEwOlJlcG9zaXRvcnkxMzY4OTA1ODg=,anujs-webpack4-ie7-8,15,JavaScript
MDEwOlJlcG9zaXRvcnkxNTA1NzYwMTY=,quickdemo,7,JavaScript
MDEwOlJlcG9zaXRvcnkxMjAxNjQyNjA=,cpp,7,C++
MDEwOlJlcG9zaXRvcnkxMTU3NzEzMjE=,cygni,6,None
MDEwOlJlcG9zaXRvcnkzODQwOTk2OA==,algorithmbook,6,None
MDEwOlJlcG9zaXRvcnkxNDA3MDYwNTY=,anu-ie8-example,5,JavaScript
MDEwOlJlcG9zaXRvcnkxNTkzMTQ4MTQ=,schnee-ui,4,JavaScript
MDEwOlJlcG9zaXRvcnkxMzk4MTU3MjY=,object-create-ie8,2,JavaScript
MDEwOlJlcG9zaXRvcnkxOTAzNTIy,php-src,20919,C
MDEwOlJlcG9zaXRvcnk1MTMzOTQ5,swoole-src,11567,C
MDEwOlJlcG9zaXRvcnkyOTcwOTgy,yaf,3780,C
MDEwOlJlcG9zaXRvcnk0NjcyNjU0,yar,1178,C
MDEwOlJlcG9zaXRvcnkxMjA0NjMxMg==,yaconf,727,C
MDEwOlJlcG9zaXRvcnk4Nzk1MTUw,yac,655,C
MDEwOlJlcG9zaXRvcnkzMjQyNzI4,web-php,405,PHP
MDEwOlJlcG9zaXRvcnkzNDI5NDI3,taint,401,C
MDEwOlJlcG9zaXRvcnkxMjk0MDQ2MzA=,php-ffi,362,C
MDEwOlJlcG9zaXRvcnkyOTcxMDE1,php-lua,104,C
MDEwOlJlcG9zaXRvcnkxNjAyOTA2NTI=,php-ffi,2,C
MDEwOlJlcG9zaXRvcnk4NDI0MDQw,p5.js,9205,JavaScript
MDEwOlJlcG9zaXRvcnkxNzA5ODU4Nw==,corpora,3048,JavaScript
MDEwOlJlcG9zaXRvcnk0MTMzNzI0OQ==,website,3022,JavaScript
MDEwOlJlcG9zaXRvcnkxMDU3MDEzNjA=,ml5-library,2114,JavaScript
MDEwOlJlcG9zaXRvcnk2NTEyMDI3,The-Nature-of-Code-Examples,1595,Processing
MDEwOlJlcG9zaXRvcnkyMDc3NTE5Nw==,The-Nature-of-Code,1469,JavaScript
MDEwOlJlcG9zaXRvcnk4MjQwMTY0NA==,Machine-Learning,615,None
MDEwOlJlcG9zaXRvcnkxNjEwODA3NQ==,The-Nature-of-Code-Examples-p5.js,514,JavaScript
MDEwOlJlcG9zaXRvcnk1MzM2NDAwNw==,magicbook,480,JavaScript
MDEwOlJlcG9zaXRvcnk1Nzk0MDQ4Nw==,p5.js-web-editor,357,JavaScript
MDEwOlJlcG9zaXRvcnk3NDY5MTc1,LearningProcessing,338,Processing
MDEwOlJlcG9zaXRvcnk2MTcyOTcwMg==,Rainbow-Topics,310,None
MDEwOlJlcG9zaXRvcnk2NjM5NjMzMg==,A2Z-F16,301,JavaScript
MDEwOlJlcG9zaXRvcnkyMDY2NTM0OQ==,processing-docs,251,HTML
MDEwOlJlcG9zaXRvcnk4NzU5MjEzNg==,Neural-Network-p5,209,JavaScript
MDEwOlJlcG9zaXRvcnkxMjAwMTI3NDg=,Toy-Neural-Network-JS,195,JavaScript
MDEwOlJlcG9zaXRvcnkxMjM5OTczNTM=,ml5-examples,185,JavaScript
MDEwOlJlcG9zaXRvcnkxMTkyMzQ0ODc=,LoopTemplates,95,JavaScript
MDEwOlJlcG9zaXRvcnkxMzEwNTg1NDE=,Tensorflow-JS-Examples,93,JavaScript
