MDQ6VXNlcjEwMjQwMjU=,Linus Torvalds
MDQ6VXNlcjY2NTc3,Jake Wharton
MDQ6VXNlcjkwNTQzNA==,Ruan YiFeng
MDQ6VXNlcjQ5OTU1MA==,Evan You
MDQ6VXNlcjI1MjU0,TJ Holowaychuk
MDQ6VXNlcjgxMDQzOA==,Dan Abramov
MDQ6VXNlcjExMDk1Mw==,Addy Osmani
MDQ6VXNlcjE3MDI3MA==,Sindre Sorhus
MDQ6VXNlcjEyNzk2MDk=,Siraj Raval
MDQ6VXNlcjM5MTkx,Paul Irish
MDQ6VXNlcjExOTg5Mw==,Kenneth Reitz
MDQ6VXNlcjQ3MDA1OA==,Michael Liao
MDQ6VXNlcjI1MDM0MjM=,代码家
MDQ6VXNlcjE=,Tom Preston-Werner
MDQ6VXNlcjI=,Chris Wanstrath
MDQ6VXNlcjg1NDc1Mzg=,Bucky Roberts
MDQ6VXNlcjI0MTEzOA==,Andrej
MDQ6VXNlcjIzMDU0MQ==,Mike Bostock
MDQ6VXNlcjE1MDMzMA==,Kyle Simpson
MDQ6VXNlcjk4Njgx,Mark Otto
MDQ6VXNlcjMyNzAxOQ==,Jackson Tian
MDQ6VXNlcjI2MjY0MQ==,Douglas Crockford
MDQ6VXNlcjExNjk1MjI=,Trinea
MDQ6VXNlcjgw,Ryan Dahl
MDQ6VXNlcjE2MTU=,John Resig
MDQ6VXNlcjc2NTk=,Mattt
MDQ6VXNlcjQxOTY=,Hadley Wickham
MDQ6VXNlcjEzMDU2MTc=,Jessica Lord
MDQ6VXNlcjUwMDM5MDM=,Stephen Grider
MDQ6VXNlcjIyNjc5MDA=,stormzhang
MDQ6VXNlcjQ2MzIzMA==,Taylor Otwell
MDQ6VXNlcjk3MjI3,lifesinger
MDQ6VXNlcjcyOTY0OA==,云风
MDQ6VXNlcjc3MzU2OQ==,Zihan Chen
MDQ6VXNlcjIyNzQ4Ng==,Chris Banes
MDQ6VXNlcjQ3MjMxMQ==,Phodal Huang
MDQ6VXNlcjEwNzMwODI=,clowwindy
MDQ6VXNlcjEyNjMx,James Halliday
MDQ6VXNlcjI3NDE=,David Heinemeier Hansson
MDQ6VXNlcjE3NjAxMw==,Wes Bos
MDQ6VXNlcjczOTY=,Armin Ronacher
MDQ6VXNlcjcw,Scott Chacon
MDQ6VXNlcjM5NjEyNA==,Yin Wang
MDQ6VXNlcjEwMTk4NzU=,Wei Wang
MDQ6VXNlcjQ3MzI=,Jeremy Ashkenas
MDQ6VXNlcjk3MDg4,Mr.doob
MDQ6VXNlcjE3NTgzNg==,Lea Verou
MDQ6VXNlcjIzMzkwNw==,astaxie
MDQ6VXNlcjg0MzY5NjM=,破娃酱
MDQ6VXNlcjEyMDI1Mjg=,John Papa
MDQ6VXNlcjEwNzA0NTIx,张鸿洋
MDQ6VXNlcjY1NjMy,Salvatore Sanfilippo
MDQ6VXNlcjM1OTM5NQ==,迷渡
MDQ6VXNlcjU4NzcxNDU=,Angus Hung
MDQ6VXNlcjE4MzIyMw==,Jeffrey Way
MDQ6VXNlcjM3OA==,Tim Pope
MDQ6VXNlcjE5MDg0Ng==,司徒正美
MDQ6VXNlcjM4MjgxMw==,Xinchen Hui
MDQ6VXNlcjgzOTI4Mw==,Yaoyuan
MDQ6VXNlcjE5MTc1OA==,Daniel Shiffman
